{
"meta":{"test_sets":[],"test_metrics":[],"learn_metrics":[{"best_value":"Min","name":"RMSE"}],"launch_mode":"Train","parameters":"","iteration_count":1000,"learn_sets":["learn"],"name":"experiment"},
"iterations":[
{"learn":[2.415105452],"iteration":0,"passed_time":0.001637149649,"remaining_time":1.635512499},
{"learn":[2.372627136],"iteration":1,"passed_time":0.00249159493,"remaining_time":1.24330587},
{"learn":[2.333587017],"iteration":2,"passed_time":0.003413097747,"remaining_time":1.134286151},
{"learn":[2.296152071],"iteration":3,"passed_time":0.004593323878,"remaining_time":1.143737646},
{"learn":[2.257903505],"iteration":4,"passed_time":0.005575854145,"remaining_time":1.109594975},
{"learn":[2.222545836],"iteration":5,"passed_time":0.006493410607,"remaining_time":1.075741691},
{"learn":[2.18688409],"iteration":6,"passed_time":0.007297578558,"remaining_time":1.035213644},
{"learn":[2.151958231],"iteration":7,"passed_time":0.008159932754,"remaining_time":1.011831661},
{"learn":[2.11814782],"iteration":8,"passed_time":0.009164588381,"remaining_time":1.009123009},
{"learn":[2.081672009],"iteration":9,"passed_time":0.01009856232,"remaining_time":0.9997576701},
{"learn":[2.053547237],"iteration":10,"passed_time":0.01091910454,"remaining_time":0.9817267625},
{"learn":[2.020591211],"iteration":11,"passed_time":0.01160009083,"remaining_time":0.9550741449},
{"learn":[1.991147714],"iteration":12,"passed_time":0.01230394992,"remaining_time":0.9341537362},
{"learn":[1.957135361],"iteration":13,"passed_time":0.01300702453,"remaining_time":0.9160661559},
{"learn":[1.924682992],"iteration":14,"passed_time":0.0137403823,"remaining_time":0.9022851041},
{"learn":[1.894176016],"iteration":15,"passed_time":0.01459713589,"remaining_time":0.8977238571},
{"learn":[1.862855491],"iteration":16,"passed_time":0.0151215059,"remaining_time":0.8743788414},
{"learn":[1.833083955],"iteration":17,"passed_time":0.01587241447,"remaining_time":0.8659283896},
{"learn":[1.806531681],"iteration":18,"passed_time":0.01655149955,"remaining_time":0.8545800559},
{"learn":[1.778669225],"iteration":19,"passed_time":0.01710425847,"remaining_time":0.838108665},
{"learn":[1.753320154],"iteration":20,"passed_time":0.01766473761,"remaining_time":0.8235132436},
{"learn":[1.728102134],"iteration":21,"passed_time":0.01811183209,"remaining_time":0.8051532629},
{"learn":[1.701596498],"iteration":22,"passed_time":0.01858464444,"remaining_time":0.7894433747},
{"learn":[1.675459674],"iteration":23,"passed_time":0.01903970611,"remaining_time":0.7742813816},
{"learn":[1.650051958],"iteration":24,"passed_time":0.01952361123,"remaining_time":0.7614208381},
{"learn":[1.626501947],"iteration":25,"passed_time":0.01999570585,"remaining_time":0.7490699039},
{"learn":[1.603188358],"iteration":26,"passed_time":0.02045592244,"remaining_time":0.7371708345},
{"learn":[1.580000004],"iteration":27,"passed_time":0.02089204531,"remaining_time":0.72525243},
{"learn":[1.555260684],"iteration":28,"passed_time":0.02128747832,"remaining_time":0.7127634984},
{"learn":[1.532840606],"iteration":29,"passed_time":0.021671905,"remaining_time":0.7007249283},
{"learn":[1.509965505],"iteration":30,"passed_time":0.02221115555,"remaining_time":0.6942777332},
{"learn":[1.487888389],"iteration":31,"passed_time":0.02262870737,"remaining_time":0.6845183979},
{"learn":[1.468854513],"iteration":32,"passed_time":0.02312785961,"remaining_time":0.6777163711},
{"learn":[1.450932915],"iteration":33,"passed_time":0.02351805899,"remaining_time":0.6681895585},
{"learn":[1.429794922],"iteration":34,"passed_time":0.02390677507,"remaining_time":0.6591439411},
{"learn":[1.409846442],"iteration":35,"passed_time":0.02432525067,"remaining_time":0.6513761568},
{"learn":[1.389630931],"iteration":36,"passed_time":0.02482778898,"remaining_time":0.6461935347},
{"learn":[1.370652511],"iteration":37,"passed_time":0.02521921236,"remaining_time":0.6384442707},
{"learn":[1.353212521],"iteration":38,"passed_time":0.02561682673,"remaining_time":0.6312248843},
{"learn":[1.334398389],"iteration":39,"passed_time":0.0260268038,"remaining_time":0.6246432911},
{"learn":[1.315591206],"iteration":40,"passed_time":0.02641965376,"remaining_time":0.6179621453},
{"learn":[1.297719578],"iteration":41,"passed_time":0.02681805648,"remaining_time":0.6117070978},
{"learn":[1.280204035],"iteration":42,"passed_time":0.0272202184,"remaining_time":0.6058081165},
{"learn":[1.26237106],"iteration":43,"passed_time":0.02784974889,"remaining_time":0.6050990896},
{"learn":[1.245242923],"iteration":44,"passed_time":0.02833878424,"remaining_time":0.6014119767},
{"learn":[1.228289611],"iteration":45,"passed_time":0.02872847774,"remaining_time":0.595803647},
{"learn":[1.213824159],"iteration":46,"passed_time":0.02888259662,"remaining_time":0.5856407358},
{"learn":[1.19666742],"iteration":47,"passed_time":0.02927427622,"remaining_time":0.5806064784},
{"learn":[1.180719318],"iteration":48,"passed_time":0.02966476115,"remaining_time":0.5757385276},
{"learn":[1.164568414],"iteration":49,"passed_time":0.03005385692,"remaining_time":0.5710232816},
{"learn":[1.149339503],"iteration":50,"passed_time":0.03044691565,"remaining_time":0.5665514303},
{"learn":[1.133979636],"iteration":51,"passed_time":0.03085523962,"remaining_time":0.5625147531},
{"learn":[1.118663259],"iteration":52,"passed_time":0.03123720788,"remaining_time":0.5581440729},
{"learn":[1.103647243],"iteration":53,"passed_time":0.03162911283,"remaining_time":0.5540951989},
{"learn":[1.089036642],"iteration":54,"passed_time":0.03201136162,"remaining_time":0.5500133951},
{"learn":[1.075347463],"iteration":55,"passed_time":0.03225389782,"remaining_time":0.5437085633},
{"learn":[1.061080308],"iteration":56,"passed_time":0.03268267168,"remaining_time":0.5406975333},
{"learn":[1.046948872],"iteration":57,"passed_time":0.03316830515,"remaining_time":0.538699025},
{"learn":[1.033424388],"iteration":58,"passed_time":0.03362019106,"remaining_time":0.5362135557},
{"learn":[1.020168782],"iteration":59,"passed_time":0.03401252703,"remaining_time":0.5328629235},
{"learn":[1.00737339],"iteration":60,"passed_time":0.03446731588,"remaining_time":0.5305706494},
{"learn":[0.9946359675],"iteration":61,"passed_time":0.03492669126,"remaining_time":0.5284070387},
{"learn":[0.9823428978],"iteration":62,"passed_time":0.03532290876,"remaining_time":0.5253581827},
{"learn":[0.9705776042],"iteration":63,"passed_time":0.03571598909,"remaining_time":0.5223463404},
{"learn":[0.9590438105],"iteration":64,"passed_time":0.03610344952,"remaining_time":0.5193342354},
{"learn":[0.9464266648],"iteration":65,"passed_time":0.0364093647,"remaining_time":0.5152476762},
{"learn":[0.9361092197],"iteration":66,"passed_time":0.0366232334,"remaining_time":0.5099921905},
{"learn":[0.9248371556],"iteration":67,"passed_time":0.03700424546,"remaining_time":0.5071758348},
{"learn":[0.9160744772],"iteration":68,"passed_time":0.03737761524,"remaining_time":0.5043269535},
{"learn":[0.9052769168],"iteration":69,"passed_time":0.03775011873,"remaining_time":0.5015372917},
{"learn":[0.8940425747],"iteration":70,"passed_time":0.03821725832,"remaining_time":0.5000539856},
{"learn":[0.8845416076],"iteration":71,"passed_time":0.03872768625,"remaining_time":0.499156845},
{"learn":[0.873143494],"iteration":72,"passed_time":0.03902578551,"remaining_time":0.495574016},
{"learn":[0.8624492337],"iteration":73,"passed_time":0.03948072717,"remaining_time":0.4940426129},
{"learn":[0.8525857518],"iteration":74,"passed_time":0.03974916993,"remaining_time":0.4902397625},
{"learn":[0.8427523357],"iteration":75,"passed_time":0.04015290352,"remaining_time":0.4881747744},
{"learn":[0.8327053495],"iteration":76,"passed_time":0.04052086024,"remaining_time":0.4857240779},
{"learn":[0.8229463764],"iteration":77,"passed_time":0.04089432263,"remaining_time":0.4833918649},
{"learn":[0.8129351545],"iteration":78,"passed_time":0.04126444334,"remaining_time":0.4810702824},
{"learn":[0.8058913468],"iteration":79,"passed_time":0.04157632339,"remaining_time":0.478127719},
{"learn":[0.7959352898],"iteration":80,"passed_time":0.04198808012,"remaining_time":0.4763832794},
{"learn":[0.7869643376],"iteration":81,"passed_time":0.04241215748,"remaining_time":0.4748092752},
{"learn":[0.7774035091],"iteration":82,"passed_time":0.04279302638,"remaining_time":0.4727856047},
{"learn":[0.7679350821],"iteration":83,"passed_time":0.04318259138,"remaining_time":0.4708958774},
{"learn":[0.759240143],"iteration":84,"passed_time":0.04350172359,"remaining_time":0.4682832598},
{"learn":[0.7502985565],"iteration":85,"passed_time":0.04400646833,"remaining_time":0.4676966518},
{"learn":[0.7413183245],"iteration":86,"passed_time":0.04452468903,"remaining_time":0.4672533458},
{"learn":[0.7330954596],"iteration":87,"passed_time":0.04502734657,"remaining_time":0.4666470463},
{"learn":[0.7247042795],"iteration":88,"passed_time":0.04551472613,"remaining_time":0.4658866911},
{"learn":[0.7168530109],"iteration":89,"passed_time":0.04598659617,"remaining_time":0.4649755835},
{"learn":[0.7091071361],"iteration":90,"passed_time":0.04638074846,"remaining_time":0.4632978061},
{"learn":[0.7016664368],"iteration":91,"passed_time":0.04684914986,"remaining_time":0.46238074},
{"learn":[0.6937773051],"iteration":92,"passed_time":0.04722862691,"remaining_time":0.460606071},
{"learn":[0.6858332778],"iteration":93,"passed_time":0.0476087638,"remaining_time":0.4588674468},
{"learn":[0.6783719804],"iteration":94,"passed_time":0.04799127344,"remaining_time":0.4571800259},
{"learn":[0.670683867],"iteration":95,"passed_time":0.04836734049,"remaining_time":0.455459123},
{"learn":[0.6631791395],"iteration":96,"passed_time":0.04875315671,"remaining_time":0.4538567063},
{"learn":[0.6563092966],"iteration":97,"passed_time":0.04924705217,"remaining_time":0.4532738883},
{"learn":[0.6493768491],"iteration":98,"passed_time":0.0497169033,"remaining_time":0.4524740391},
{"learn":[0.6429200503],"iteration":99,"passed_time":0.05026816656,"remaining_time":0.4524134991},
{"learn":[0.6358892188],"iteration":100,"passed_time":0.05067169101,"remaining_time":0.45102822},
{"learn":[0.6288561045],"iteration":101,"passed_time":0.05104919507,"remaining_time":0.4494331095},
{"learn":[0.6220281417],"iteration":102,"passed_time":0.05143125825,"remaining_time":0.4479013462},
{"learn":[0.6156142333],"iteration":103,"passed_time":0.05181061683,"remaining_time":0.4463683912},
{"learn":[0.6089611925],"iteration":104,"passed_time":0.05219964778,"remaining_time":0.4449398549},
{"learn":[0.6026333808],"iteration":105,"passed_time":0.05256825354,"remaining_time":0.4433586666},
{"learn":[0.5960429979],"iteration":106,"passed_time":0.05294169779,"remaining_time":0.4418405246},
{"learn":[0.589539418],"iteration":107,"passed_time":0.05331860143,"remaining_time":0.4403721525},
{"learn":[0.5832119558],"iteration":108,"passed_time":0.05370876917,"remaining_time":0.4390322324},
{"learn":[0.577075527],"iteration":109,"passed_time":0.0540909512,"remaining_time":0.4376449688},
{"learn":[0.5708351832],"iteration":110,"passed_time":0.054458015,"remaining_time":0.4361547327},
{"learn":[0.5653616894],"iteration":111,"passed_time":0.05509167514,"remaining_time":0.4367982814},
{"learn":[0.5594824949],"iteration":112,"passed_time":0.05552551864,"remaining_time":0.4358507525},
{"learn":[0.5553420242],"iteration":113,"passed_time":0.0560127095,"remaining_time":0.4353268475},
{"learn":[0.5495969405],"iteration":114,"passed_time":0.05641828874,"remaining_time":0.4341755264},
{"learn":[0.543875488],"iteration":115,"passed_time":0.05680552305,"remaining_time":0.4328972618},
{"learn":[0.5385127484],"iteration":116,"passed_time":0.05718840197,"remaining_time":0.4316013585},
{"learn":[0.5333070354],"iteration":117,"passed_time":0.05754348895,"remaining_time":0.4301131971},
{"learn":[0.5278188309],"iteration":118,"passed_time":0.05790950895,"remaining_time":0.42872502},
{"learn":[0.5223819494],"iteration":119,"passed_time":0.05829259586,"remaining_time":0.4274790363},
{"learn":[0.5173928626],"iteration":120,"passed_time":0.05866955545,"remaining_time":0.4262028036},
{"learn":[0.5123531444],"iteration":121,"passed_time":0.05905640388,"remaining_time":0.4250124804},
{"learn":[0.5072511256],"iteration":122,"passed_time":0.05942714894,"remaining_time":0.4237204034},
{"learn":[0.5024143091],"iteration":123,"passed_time":0.05979571147,"remaining_time":0.4224277682},
{"learn":[0.4974110951],"iteration":124,"passed_time":0.06017551998,"remaining_time":0.4212286399},
{"learn":[0.4932373324],"iteration":125,"passed_time":0.06077451534,"remaining_time":0.421562908},
{"learn":[0.4884808042],"iteration":126,"passed_time":0.06123512937,"remaining_time":0.4209312436},
{"learn":[0.4837656723],"iteration":127,"passed_time":0.0616336575,"remaining_time":0.4198792917},
{"learn":[0.4792407566],"iteration":128,"passed_time":0.06202282736,"remaining_time":0.418774284},
{"learn":[0.4746444561],"iteration":129,"passed_time":0.06245535657,"remaining_time":0.4179704632},
{"learn":[0.4700137349],"iteration":130,"passed_time":0.06276334815,"remaining_time":0.4163461797},
{"learn":[0.4656539822],"iteration":131,"passed_time":0.06313157112,"remaining_time":0.4151379071},
{"learn":[0.4615871925],"iteration":132,"passed_time":0.06351826829,"remaining_time":0.4140626963},
{"learn":[0.4575821348],"iteration":133,"passed_time":0.06392124094,"remaining_time":0.4131029451},
{"learn":[0.4531614306],"iteration":134,"passed_time":0.06431395584,"remaining_time":0.4120857171},
{"learn":[0.4489843535],"iteration":135,"passed_time":0.06469051257,"remaining_time":0.4109750211},
{"learn":[0.4447293658],"iteration":136,"passed_time":0.06510117071,"remaining_time":0.4100898564},
{"learn":[0.4409329002],"iteration":137,"passed_time":0.06546817161,"remaining_time":0.4089388691},
{"learn":[0.436882629],"iteration":138,"passed_time":0.06591633189,"remaining_time":0.4083018831},
{"learn":[0.4327572685],"iteration":139,"passed_time":0.06635538163,"remaining_time":0.40761163},
{"learn":[0.4284080909],"iteration":140,"passed_time":0.06681833021,"remaining_time":0.4070705365},
{"learn":[0.4248002841],"iteration":141,"passed_time":0.06724594336,"remaining_time":0.406317038},
{"learn":[0.4209092999],"iteration":142,"passed_time":0.06763136907,"remaining_time":0.4053152678},
{"learn":[0.4175322536],"iteration":143,"passed_time":0.06782467598,"remaining_time":0.4031800183},
{"learn":[0.4137780899],"iteration":144,"passed_time":0.06823622356,"remaining_time":0.4023584217},
{"learn":[0.4100648813],"iteration":145,"passed_time":0.06869188951,"remaining_time":0.4018005044},
{"learn":[0.4063697174],"iteration":146,"passed_time":0.06914311904,"remaining_time":0.401218235},
{"learn":[0.4027590377],"iteration":147,"passed_time":0.06960220925,"remaining_time":0.4006829884},
{"learn":[0.3989835681],"iteration":148,"passed_time":0.06999416668,"remaining_time":0.3997653413},
{"learn":[0.3954795513],"iteration":149,"passed_time":0.07036463236,"remaining_time":0.3987329167},
{"learn":[0.3922663124],"iteration":150,"passed_time":0.07074781343,"remaining_time":0.3977807523},
{"learn":[0.3887888303],"iteration":151,"passed_time":0.07111871206,"remaining_time":0.3967675515},
{"learn":[0.3857980184],"iteration":152,"passed_time":0.07160118366,"remaining_time":0.3963804089},
{"learn":[0.3826035824],"iteration":153,"passed_time":0.07213188436,"remaining_time":0.3962569751},
{"learn":[0.3795290083],"iteration":154,"passed_time":0.07265118011,"remaining_time":0.3960661109},
{"learn":[0.3761660375],"iteration":155,"passed_time":0.07307443826,"remaining_time":0.395351448},
{"learn":[0.373154412],"iteration":156,"passed_time":0.07345405228,"remaining_time":0.3944061533},
{"learn":[0.3700867588],"iteration":157,"passed_time":0.0738242737,"remaining_time":0.3934179649},
{"learn":[0.3668234084],"iteration":158,"passed_time":0.07420035118,"remaining_time":0.3924685242},
{"learn":[0.3638946704],"iteration":159,"passed_time":0.07457267215,"remaining_time":0.3915065288},
{"learn":[0.3609455472],"iteration":160,"passed_time":0.07496476541,"remaining_time":0.3906548955},
{"learn":[0.3578528443],"iteration":161,"passed_time":0.07533675723,"remaining_time":0.3897049541},
{"learn":[0.3548586342],"iteration":162,"passed_time":0.07574901405,"remaining_time":0.3889688636},
{"learn":[0.3520883041],"iteration":163,"passed_time":0.07613297382,"remaining_time":0.3880924763},
{"learn":[0.3492290827],"iteration":164,"passed_time":0.07651865227,"remaining_time":0.3872307554},
{"learn":[0.3463388291],"iteration":165,"passed_time":0.07696271184,"remaining_time":0.3866680824},
{"learn":[0.3438344406],"iteration":166,"passed_time":0.07755124918,"remaining_time":0.3868274884},
{"learn":[0.3412219062],"iteration":167,"passed_time":0.07802319833,"remaining_time":0.3864006012},
{"learn":[0.3386506145],"iteration":168,"passed_time":0.07840674559,"remaining_time":0.3855384946},
{"learn":[0.3359139206],"iteration":169,"passed_time":0.07876864675,"remaining_time":0.3845763341},
{"learn":[0.3332496566],"iteration":170,"passed_time":0.07917532304,"remaining_time":0.383838262},
{"learn":[0.330747428],"iteration":171,"passed_time":0.07955483751,"remaining_time":0.3829732875},
{"learn":[0.3283358825],"iteration":172,"passed_time":0.07992974192,"remaining_time":0.3820918877},
{"learn":[0.3261560393],"iteration":173,"passed_time":0.08012758249,"remaining_time":0.3803757651},
{"learn":[0.3236999015],"iteration":174,"passed_time":0.08050722005,"remaining_time":0.3795340374},
{"learn":[0.3211966262],"iteration":175,"passed_time":0.08087206969,"remaining_time":0.3786283263},
{"learn":[0.3190424866],"iteration":176,"passed_time":0.08125705512,"remaining_time":0.3778223523},
{"learn":[0.3165741962],"iteration":177,"passed_time":0.08163065179,"remaining_time":0.3769685156},
{"learn":[0.3143524696],"iteration":178,"passed_time":0.08202465861,"remaining_time":0.3762136577},
{"learn":[0.3121682444],"iteration":179,"passed_time":0.08243182226,"remaining_time":0.3755227459},
{"learn":[0.310055653],"iteration":180,"passed_time":0.08282476522,"remaining_time":0.3747706227},
{"learn":[0.3080068554],"iteration":181,"passed_time":0.08332789006,"remaining_time":0.3745176597},
{"learn":[0.3060080646],"iteration":182,"passed_time":0.08373144384,"remaining_time":0.3738174296},
{"learn":[0.3037851904],"iteration":183,"passed_time":0.08400021189,"remaining_time":0.3725226788},
{"learn":[0.3016413852],"iteration":184,"passed_time":0.08441749591,"remaining_time":0.3718932928},
{"learn":[0.2995626698],"iteration":185,"passed_time":0.08518803476,"remaining_time":0.3728121521},
{"learn":[0.2977938644],"iteration":186,"passed_time":0.08578617038,"remaining_time":0.3729634039},
{"learn":[0.295941399],"iteration":187,"passed_time":0.08700874486,"remaining_time":0.3758037278},
{"learn":[0.2939222801],"iteration":188,"passed_time":0.08758040977,"remaining_time":0.3758080017},
{"learn":[0.2920002751],"iteration":189,"passed_time":0.08803849709,"remaining_time":0.3753220139},
{"learn":[0.2899379041],"iteration":190,"passed_time":0.0888643397,"remaining_time":0.3763939833},
{"learn":[0.2881337322],"iteration":191,"passed_time":0.08943949756,"remaining_time":0.3763912189},
{"learn":[0.2861258128],"iteration":192,"passed_time":0.08991560684,"remaining_time":0.3759683664},
{"learn":[0.2840769825],"iteration":193,"passed_time":0.09033746194,"remaining_time":0.3753195584},
{"learn":[0.2824256938],"iteration":194,"passed_time":0.0907307545,"remaining_time":0.374555166},
{"learn":[0.2806409015],"iteration":195,"passed_time":0.09116404852,"remaining_time":0.373958648},
{"learn":[0.2786779426],"iteration":196,"passed_time":0.09153655046,"remaining_time":0.37311599},
{"learn":[0.276824921],"iteration":197,"passed_time":0.09196268262,"remaining_time":0.3724953104},
{"learn":[0.2752003007],"iteration":198,"passed_time":0.09238175209,"remaining_time":0.3718481579},
{"learn":[0.273644934],"iteration":199,"passed_time":0.0928322963,"remaining_time":0.3713291852},
{"learn":[0.271879463],"iteration":200,"passed_time":0.09325726311,"remaining_time":0.37070922},
{"learn":[0.2701262541],"iteration":201,"passed_time":0.09383592627,"remaining_time":0.3706983622},
{"learn":[0.2684386647],"iteration":202,"passed_time":0.09439227923,"remaining_time":0.370594318},
{"learn":[0.2667650567],"iteration":203,"passed_time":0.09482700176,"remaining_time":0.3700112422},
{"learn":[0.265019139],"iteration":204,"passed_time":0.09526102277,"remaining_time":0.3694268932},
{"learn":[0.2633581453],"iteration":205,"passed_time":0.09571678788,"remaining_time":0.3689278135},
{"learn":[0.261607487],"iteration":206,"passed_time":0.09615565433,"remaining_time":0.3683644149},
{"learn":[0.2599131394],"iteration":207,"passed_time":0.09661953327,"remaining_time":0.3678974536},
{"learn":[0.2583864518],"iteration":208,"passed_time":0.09722706574,"remaining_time":0.3679742057},
{"learn":[0.2568056389],"iteration":209,"passed_time":0.09766990941,"remaining_time":0.3674248973},
{"learn":[0.2552498211],"iteration":210,"passed_time":0.09811553024,"remaining_time":0.3668869827},
{"learn":[0.2538293206],"iteration":211,"passed_time":0.09853972607,"remaining_time":0.3662703026},
{"learn":[0.2522428751],"iteration":212,"passed_time":0.09898039494,"remaining_time":0.3657162949},
{"learn":[0.250921329],"iteration":213,"passed_time":0.09939983369,"remaining_time":0.3650853705},
{"learn":[0.2492847933],"iteration":214,"passed_time":0.1000075086,"remaining_time":0.365143694},
{"learn":[0.247730971],"iteration":215,"passed_time":0.1005282355,"remaining_time":0.3648802622},
{"learn":[0.2461779381],"iteration":216,"passed_time":0.100986082,"remaining_time":0.3643875679},
{"learn":[0.244805067],"iteration":217,"passed_time":0.1014192719,"remaining_time":0.3638067459},
{"learn":[0.2434160137],"iteration":218,"passed_time":0.1018636305,"remaining_time":0.3632671024},
{"learn":[0.2417167555],"iteration":219,"passed_time":0.1022464473,"remaining_time":0.3625101313},
{"learn":[0.2400711401],"iteration":220,"passed_time":0.1026539825,"remaining_time":0.361843676},
{"learn":[0.2386545322],"iteration":221,"passed_time":0.1031900728,"remaining_time":0.3616300749},
{"learn":[0.2373487501],"iteration":222,"passed_time":0.1036255458,"remaining_time":0.3610630005},
{"learn":[0.2359691064],"iteration":223,"passed_time":0.10403888,"remaining_time":0.3604204058},
{"learn":[0.2346876515],"iteration":224,"passed_time":0.1044871815,"remaining_time":0.3599002919},
{"learn":[0.2331346348],"iteration":225,"passed_time":0.1049906691,"remaining_time":0.3595698136},
{"learn":[0.2318047837],"iteration":226,"passed_time":0.1055762367,"remaining_time":0.3595173171},
{"learn":[0.230445238],"iteration":227,"passed_time":0.1060931142,"remaining_time":0.3592275621},
{"learn":[0.2291724953],"iteration":228,"passed_time":0.1066937175,"remaining_time":0.3592177126},
{"learn":[0.2281902087],"iteration":229,"passed_time":0.1074346897,"remaining_time":0.359672657},
{"learn":[0.2267887363],"iteration":230,"passed_time":0.1078285009,"remaining_time":0.3589615464},
{"learn":[0.2255947593],"iteration":231,"passed_time":0.1082248288,"remaining_time":0.3582615022},
{"learn":[0.2244453722],"iteration":232,"passed_time":0.1086311755,"remaining_time":0.3575970457},
{"learn":[0.2231846011],"iteration":233,"passed_time":0.1090265588,"remaining_time":0.3568989061},
{"learn":[0.2220326947],"iteration":234,"passed_time":0.1094671987,"remaining_time":0.3563506681},
{"learn":[0.2208667392],"iteration":235,"passed_time":0.1099284599,"remaining_time":0.3558700989},
{"learn":[0.2195928347],"iteration":236,"passed_time":0.1105640255,"remaining_time":0.3559508499},
{"learn":[0.218421249],"iteration":237,"passed_time":0.1110673564,"remaining_time":0.3556022082},
{"learn":[0.2174882684],"iteration":238,"passed_time":0.1115471299,"remaining_time":0.355177263},
{"learn":[0.2164209034],"iteration":239,"passed_time":0.1119837594,"remaining_time":0.3546152382},
{"learn":[0.215291254],"iteration":240,"passed_time":0.1124095644,"remaining_time":0.3540201633},
{"learn":[0.2144998255],"iteration":241,"passed_time":0.112672711,"remaining_time":0.3529170038},
{"learn":[0.2134528795],"iteration":242,"passed_time":0.1131112699,"remaining_time":0.352367207},
{"learn":[0.2125931119],"iteration":243,"passed_time":0.1135235059,"remaining_time":0.3517367641},
{"learn":[0.2114294557],"iteration":244,"passed_time":0.1139563476,"remaining_time":0.3511716019},
{"learn":[0.2103251094],"iteration":245,"passed_time":0.1143777586,"remaining_time":0.3505724796},
{"learn":[0.2091929447],"iteration":246,"passed_time":0.1148162002,"remaining_time":0.3500267156},
{"learn":[0.2082232087],"iteration":247,"passed_time":0.1152814594,"remaining_time":0.349563135},
{"learn":[0.2072282587],"iteration":248,"passed_time":0.1157143313,"remaining_time":0.3490018586},
{"learn":[0.2062062785],"iteration":249,"passed_time":0.1163133567,"remaining_time":0.3489400702},
{"learn":[0.2052245959],"iteration":250,"passed_time":0.1169024212,"remaining_time":0.3488442767},
{"learn":[0.2041922257],"iteration":251,"passed_time":0.1173726628,"remaining_time":0.3483918722},
{"learn":[0.2031313318],"iteration":252,"passed_time":0.1178608932,"remaining_time":0.3479924397},
{"learn":[0.2022600325],"iteration":253,"passed_time":0.1182738292,"remaining_time":0.3473711676},
{"learn":[0.2012613376],"iteration":254,"passed_time":0.1187345455,"remaining_time":0.3468911231},
{"learn":[0.2003049982],"iteration":255,"passed_time":0.1191606452,"remaining_time":0.3463106252},
{"learn":[0.1993960394],"iteration":256,"passed_time":0.1196779213,"remaining_time":0.3459949242},
{"learn":[0.1983138066],"iteration":257,"passed_time":0.1201418531,"remaining_time":0.3455242442},
{"learn":[0.1974686623],"iteration":258,"passed_time":0.1205090608,"remaining_time":0.3447768883},
{"learn":[0.1965742594],"iteration":259,"passed_time":0.1209399385,"remaining_time":0.3442136711},
{"learn":[0.195615542],"iteration":260,"passed_time":0.1213513846,"remaining_time":0.3435964491},
{"learn":[0.194522137],"iteration":261,"passed_time":0.1219948904,"remaining_time":0.3436344621},
{"learn":[0.1937254492],"iteration":262,"passed_time":0.1224927464,"remaining_time":0.3432591412},
{"learn":[0.192825042],"iteration":263,"passed_time":0.1229436858,"remaining_time":0.3427520937},
{"learn":[0.1919309936],"iteration":264,"passed_time":0.1233961586,"remaining_time":0.342249723},
{"learn":[0.1910138913],"iteration":265,"passed_time":0.1238800479,"remaining_time":0.341834418},
{"learn":[0.190178463],"iteration":266,"passed_time":0.1242940099,"remaining_time":0.3412266265},
{"learn":[0.1894266998],"iteration":267,"passed_time":0.1246972631,"remaining_time":0.3405910321},
{"learn":[0.1885821082],"iteration":268,"passed_time":0.1251282241,"remaining_time":0.3400324604},
{"learn":[0.1878412136],"iteration":269,"passed_time":0.1255007477,"remaining_time":0.3393168363},
{"learn":[0.1870316364],"iteration":270,"passed_time":0.1258815691,"remaining_time":0.338626066},
{"learn":[0.1863272659],"iteration":271,"passed_time":0.1262773826,"remaining_time":0.3379777005},
{"learn":[0.185498193],"iteration":272,"passed_time":0.1266988835,"remaining_time":0.3373995908},
{"learn":[0.1846730175],"iteration":273,"passed_time":0.1270800032,"remaining_time":0.3367156289},
{"learn":[0.1838807446],"iteration":274,"passed_time":0.127505839,"remaining_time":0.3361517574},
{"learn":[0.1830427245],"iteration":275,"passed_time":0.1280483216,"remaining_time":0.3358948727},
{"learn":[0.1823202482],"iteration":276,"passed_time":0.128445635,"remaining_time":0.3352570185},
{"learn":[0.1816556528],"iteration":277,"passed_time":0.1288471533,"remaining_time":0.3346318155},
{"learn":[0.1809032085],"iteration":278,"passed_time":0.1292548502,"remaining_time":0.3340241829},
{"learn":[0.18017458],"iteration":279,"passed_time":0.1296204215,"remaining_time":0.3333096552},
{"learn":[0.1794916735],"iteration":280,"passed_time":0.130038578,"remaining_time":0.3327321621},
{"learn":[0.178759127],"iteration":281,"passed_time":0.1304237243,"remaining_time":0.3320717519},
{"learn":[0.1780135479],"iteration":282,"passed_time":0.1307959272,"remaining_time":0.331380494},
{"learn":[0.1773516134],"iteration":283,"passed_time":0.1312015643,"remaining_time":0.3307757748},
{"learn":[0.176695328],"iteration":284,"passed_time":0.1315806254,"remaining_time":0.3301057794},
{"learn":[0.1760783243],"iteration":285,"passed_time":0.1319530251,"remaining_time":0.3294211884},
{"learn":[0.1753943205],"iteration":286,"passed_time":0.1323280082,"remaining_time":0.3287451911},
{"learn":[0.1747707265],"iteration":287,"passed_time":0.1327038206,"remaining_time":0.3280733342},
{"learn":[0.1741211128],"iteration":288,"passed_time":0.1331818152,"remaining_time":0.3276549157},
{"learn":[0.1735372615],"iteration":289,"passed_time":0.1336227511,"remaining_time":0.3271453562},
{"learn":[0.1728307032],"iteration":290,"passed_time":0.1340611978,"remaining_time":0.3266302035},
{"learn":[0.1720568406],"iteration":291,"passed_time":0.1344316418,"remaining_time":0.3259506932},
{"learn":[0.1714630551],"iteration":292,"passed_time":0.1348030818,"remaining_time":0.3252756958},
{"learn":[0.1709333725],"iteration":293,"passed_time":0.1351643054,"remaining_time":0.32457823},
{"learn":[0.1702346432],"iteration":294,"passed_time":0.1355337543,"remaining_time":0.323902701},
{"learn":[0.1695824938],"iteration":295,"passed_time":0.1359080143,"remaining_time":0.3232406827},
{"learn":[0.1689942553],"iteration":296,"passed_time":0.136272649,"remaining_time":0.322557819},
{"learn":[0.1682877321],"iteration":297,"passed_time":0.1366406983,"remaining_time":0.321885135},
{"learn":[0.1677453658],"iteration":298,"passed_time":0.1370440858,"remaining_time":0.3212973383},
{"learn":[0.1670609197],"iteration":299,"passed_time":0.1374223724,"remaining_time":0.3206522023},
{"learn":[0.1665075926],"iteration":300,"passed_time":0.1378105432,"remaining_time":0.3200317931},
{"learn":[0.1659773149],"iteration":301,"passed_time":0.1382915709,"remaining_time":0.319627538},
{"learn":[0.1655910623],"iteration":302,"passed_time":0.1387084212,"remaining_time":0.3190751471},
{"learn":[0.1650705371],"iteration":303,"passed_time":0.1391936935,"remaining_time":0.3186802982},
{"learn":[0.1645346554],"iteration":304,"passed_time":0.1396381401,"remaining_time":0.3181918274},
{"learn":[0.1638523498],"iteration":305,"passed_time":0.140022583,"remaining_time":0.3175675574},
{"learn":[0.1633495331],"iteration":306,"passed_time":0.1404087387,"remaining_time":0.3169487164},
{"learn":[0.1628090273],"iteration":307,"passed_time":0.1407991434,"remaining_time":0.3163409326},
{"learn":[0.1622370556],"iteration":308,"passed_time":0.1411905892,"remaining_time":0.3157368838},
{"learn":[0.1616418983],"iteration":309,"passed_time":0.1415669553,"remaining_time":0.3151006424},
{"learn":[0.1610803521],"iteration":310,"passed_time":0.1419350378,"remaining_time":0.3144477204},
{"learn":[0.1605992695],"iteration":311,"passed_time":0.1423133757,"remaining_time":0.3138192388},
{"learn":[0.1601337707],"iteration":312,"passed_time":0.1426755593,"remaining_time":0.3131568986},
{"learn":[0.1594946003],"iteration":313,"passed_time":0.1430636032,"remaining_time":0.3125529675},
{"learn":[0.158882086],"iteration":314,"passed_time":0.1434241202,"remaining_time":0.3118905472},
{"learn":[0.158326812],"iteration":315,"passed_time":0.1438168498,"remaining_time":0.3112997635},
{"learn":[0.1577834262],"iteration":316,"passed_time":0.1441905117,"remaining_time":0.3106691467},
{"learn":[0.1573137009],"iteration":317,"passed_time":0.144728894,"remaining_time":0.3103934142},
{"learn":[0.1566904868],"iteration":318,"passed_time":0.1451583003,"remaining_time":0.3098833935},
{"learn":[0.1562799366],"iteration":319,"passed_time":0.1455601636,"remaining_time":0.3093153476},
{"learn":[0.1558699939],"iteration":320,"passed_time":0.1459424205,"remaining_time":0.3087068645},
{"learn":[0.1552659051],"iteration":321,"passed_time":0.1463321279,"remaining_time":0.3081154742},
{"learn":[0.1546691735],"iteration":322,"passed_time":0.146696286,"remaining_time":0.3074717822},
{"learn":[0.1540797181],"iteration":323,"passed_time":0.1471263796,"remaining_time":0.3069673846},
{"learn":[0.1534974586],"iteration":324,"passed_time":0.1474907874,"remaining_time":0.30632702},
{"learn":[0.153110342],"iteration":325,"passed_time":0.1478570331,"remaining_time":0.3056921483},
{"learn":[0.1525419721],"iteration":326,"passed_time":0.1482681412,"remaining_time":0.3051512509},
{"learn":[0.1519727095],"iteration":327,"passed_time":0.1486849398,"remaining_time":0.3046228035},
{"learn":[0.1514103858],"iteration":328,"passed_time":0.1490594657,"remaining_time":0.304008819},
{"learn":[0.1508549244],"iteration":329,"passed_time":0.149436235,"remaining_time":0.3034008408},
{"learn":[0.1504469955],"iteration":330,"passed_time":0.1497962226,"remaining_time":0.3027603412},
{"learn":[0.1500510527],"iteration":331,"passed_time":0.150246643,"remaining_time":0.3023034864},
{"learn":[0.1496719117],"iteration":332,"passed_time":0.1507169325,"remaining_time":0.3018864683},
{"learn":[0.1491299225],"iteration":333,"passed_time":0.1511431835,"remaining_time":0.3013813179},
{"learn":[0.1486444268],"iteration":334,"passed_time":0.1515246582,"remaining_time":0.3007877543},
{"learn":[0.1481124458],"iteration":335,"passed_time":0.1518930741,"remaining_time":0.3001696464},
{"learn":[0.147584133],"iteration":336,"passed_time":0.1523009724,"remaining_time":0.2996306965},
{"learn":[0.1472073555],"iteration":337,"passed_time":0.1526694242,"remaining_time":0.2990152629},
{"learn":[0.1467880872],"iteration":338,"passed_time":0.1530529557,"remaining_time":0.2984306894},
{"learn":[0.1463778761],"iteration":339,"passed_time":0.1534242529,"remaining_time":0.2978235498},
{"learn":[0.1459277222],"iteration":340,"passed_time":0.1537978114,"remaining_time":0.2972221634},
{"learn":[0.1454275959],"iteration":341,"passed_time":0.1542131653,"remaining_time":0.2967025226},
{"learn":[0.1450670066],"iteration":342,"passed_time":0.1546353291,"remaining_time":0.2961965341},
{"learn":[0.1446765298],"iteration":343,"passed_time":0.1550280833,"remaining_time":0.2956349496},
{"learn":[0.1443682036],"iteration":344,"passed_time":0.1554042179,"remaining_time":0.2950427905},
{"learn":[0.1439284137],"iteration":345,"passed_time":0.1558933764,"remaining_time":0.2946655149},
{"learn":[0.1435933256],"iteration":346,"passed_time":0.1563370852,"remaining_time":0.2942020652},
{"learn":[0.1432555659],"iteration":347,"passed_time":0.1567642935,"remaining_time":0.2937078143},
{"learn":[0.1428868166],"iteration":348,"passed_time":0.1571718971,"remaining_time":0.2931773782},
{"learn":[0.1424548506],"iteration":349,"passed_time":0.1575529404,"remaining_time":0.2925983179},
{"learn":[0.1420274439],"iteration":350,"passed_time":0.1579105155,"remaining_time":0.291976993},
{"learn":[0.1416045508],"iteration":351,"passed_time":0.1582727967,"remaining_time":0.2913658304},
{"learn":[0.1413808237],"iteration":352,"passed_time":0.1586489012,"remaining_time":0.2907814139},
{"learn":[0.1409627961],"iteration":353,"passed_time":0.1590314483,"remaining_time":0.2902099311},
{"learn":[0.140549187],"iteration":354,"passed_time":0.1593948964,"remaining_time":0.2896048118},
{"learn":[0.140198067],"iteration":355,"passed_time":0.1597693471,"remaining_time":0.2890209537},
{"learn":[0.1399813454],"iteration":356,"passed_time":0.1601370622,"remaining_time":0.2884261373},
{"learn":[0.1396651945],"iteration":357,"passed_time":0.1605060569,"remaining_time":0.2878348842},
{"learn":[0.1393308821],"iteration":358,"passed_time":0.1609119503,"remaining_time":0.2873107524},
{"learn":[0.1389259544],"iteration":359,"passed_time":0.1613910185,"remaining_time":0.2869173661},
{"learn":[0.1386311123],"iteration":360,"passed_time":0.1618095581,"remaining_time":0.2864163646},
{"learn":[0.1383656217],"iteration":361,"passed_time":0.1621669962,"remaining_time":0.2858081315},
{"learn":[0.137965679],"iteration":362,"passed_time":0.1625419292,"remaining_time":0.2852319804},
{"learn":[0.1376763205],"iteration":363,"passed_time":0.1629088533,"remaining_time":0.2846429415},
{"learn":[0.1372809375],"iteration":364,"passed_time":0.1632794413,"remaining_time":0.2840614938},
{"learn":[0.1368897307],"iteration":365,"passed_time":0.1636471294,"remaining_time":0.2834761751},
{"learn":[0.1363207547],"iteration":366,"passed_time":0.164057088,"remaining_time":0.2829649501},
{"learn":[0.1359347398],"iteration":367,"passed_time":0.1644209513,"remaining_time":0.2823751121},
{"learn":[0.1356534189],"iteration":368,"passed_time":0.1647975393,"remaining_time":0.2818082583},
{"learn":[0.1352717847],"iteration":369,"passed_time":0.1651618877,"remaining_time":0.2812215926},
{"learn":[0.134894193],"iteration":370,"passed_time":0.165522541,"remaining_time":0.2806298605},
{"learn":[0.1343434394],"iteration":371,"passed_time":0.1659107137,"remaining_time":0.2800858285},
{"learn":[0.1339348922],"iteration":372,"passed_time":0.1662913395,"remaining_time":0.279529946},
{"learn":[0.1333994105],"iteration":373,"passed_time":0.1667113586,"remaining_time":0.2790409371},
{"learn":[0.1332942866],"iteration":374,"passed_time":0.1672841866,"remaining_time":0.2788069776},
{"learn":[0.1329273992],"iteration":375,"passed_time":0.1678153596,"remaining_time":0.2785020861},
{"learn":[0.1325298862],"iteration":376,"passed_time":0.1681943844,"remaining_time":0.2779445662},
{"learn":[0.1324278639],"iteration":377,"passed_time":0.1685826297,"remaining_time":0.2774031631},
{"learn":[0.1323274735],"iteration":378,"passed_time":0.1689518544,"remaining_time":0.2768314025},
{"learn":[0.1317064097],"iteration":379,"passed_time":0.1693721899,"remaining_time":0.2763440993},
{"learn":[0.1315182375],"iteration":380,"passed_time":0.1697427713,"remaining_time":0.2757763135},
{"learn":[0.1311292284],"iteration":381,"passed_time":0.1701143368,"remaining_time":0.2752111521},
{"learn":[0.1309439716],"iteration":382,"passed_time":0.1704803533,"remaining_time":0.2746380626},
{"learn":[0.1305598853],"iteration":383,"passed_time":0.1708605195,"remaining_time":0.27408875},
{"learn":[0.1304873775],"iteration":384,"passed_time":0.1712388154,"remaining_time":0.2735373285},
{"learn":[0.1301084711],"iteration":385,"passed_time":0.1716431197,"remaining_time":0.2730281748},
{"learn":[0.1299273336],"iteration":386,"passed_time":0.1720145732,"remaining_time":0.2724675281},
{"learn":[0.1295531993],"iteration":387,"passed_time":0.1724046889,"remaining_time":0.2719372927},
{"learn":[0.1293751388],"iteration":388,"passed_time":0.172827876,"remaining_time":0.271459723},
{"learn":[0.1290057074],"iteration":389,"passed_time":0.1732703207,"remaining_time":0.2710125529},
{"learn":[0.12836935],"iteration":390,"passed_time":0.1736874341,"remaining_time":0.2705259524},
{"learn":[0.128005829],"iteration":391,"passed_time":0.174060403,"remaining_time":0.2699712373},
{"learn":[0.1278309705],"iteration":392,"passed_time":0.1744645842,"remaining_time":0.2694656555},
{"learn":[0.1276585726],"iteration":393,"passed_time":0.174836133,"remaining_time":0.2689103975},
{"learn":[0.1272999266],"iteration":394,"passed_time":0.1752066308,"remaining_time":0.2683544598},
{"learn":[0.1269454267],"iteration":395,"passed_time":0.1755859631,"remaining_time":0.2678129336},
{"learn":[0.1262320063],"iteration":396,"passed_time":0.1759642979,"remaining_time":0.2672707095},
{"learn":[0.1260625157],"iteration":397,"passed_time":0.1763358695,"remaining_time":0.2667190791},
{"learn":[0.1257154497],"iteration":398,"passed_time":0.1767038039,"remaining_time":0.2661628725},
{"learn":[0.1253714484],"iteration":399,"passed_time":0.1770666076,"remaining_time":0.2655999114},
{"learn":[0.1247693016],"iteration":400,"passed_time":0.1774401379,"remaining_time":0.2650539716},
{"learn":[0.1241455133],"iteration":401,"passed_time":0.1778398792,"remaining_time":0.26454788},
{"learn":[0.1238070195],"iteration":402,"passed_time":0.1782559381,"remaining_time":0.2640664889},
{"learn":[0.1236426403],"iteration":403,"passed_time":0.1787052884,"remaining_time":0.2636345344},
{"learn":[0.1233121471],"iteration":404,"passed_time":0.1791450574,"remaining_time":0.2631884177},
{"learn":[0.1229793071],"iteration":405,"passed_time":0.1795414833,"remaining_time":0.2626789189},
{"learn":[0.1226503057],"iteration":406,"passed_time":0.1799216391,"remaining_time":0.2621462702},
{"learn":[0.1220493236],"iteration":407,"passed_time":0.1803331292,"remaining_time":0.2616598345},
{"learn":[0.1218898437],"iteration":408,"passed_time":0.1807077052,"remaining_time":0.2611204249},
{"learn":[0.1215662156],"iteration":409,"passed_time":0.1810985795,"remaining_time":0.2606052729},
{"learn":[0.1212500307],"iteration":410,"passed_time":0.1814787654,"remaining_time":0.2600754083},
{"learn":[0.1209315133],"iteration":411,"passed_time":0.1818614575,"remaining_time":0.2595498472},
{"learn":[0.1206166713],"iteration":412,"passed_time":0.1822313243,"remaining_time":0.2590067491},
{"learn":[0.1200374306],"iteration":413,"passed_time":0.1826012575,"remaining_time":0.2584645819},
{"learn":[0.1198827932],"iteration":414,"passed_time":0.1829663896,"remaining_time":0.2579164769},
{"learn":[0.1195730355],"iteration":415,"passed_time":0.1833186859,"remaining_time":0.2573512322},
{"learn":[0.1192702556],"iteration":416,"passed_time":0.1837050455,"remaining_time":0.2568346319},
{"learn":[0.1189602361],"iteration":417,"passed_time":0.1841444452,"remaining_time":0.256392505},
{"learn":[0.1183665003],"iteration":418,"passed_time":0.1845796288,"remaining_time":0.255944545},
{"learn":[0.1177568484],"iteration":419,"passed_time":0.1850218844,"remaining_time":0.2555064118},
{"learn":[0.1176860897],"iteration":420,"passed_time":0.1854135123,"remaining_time":0.254998631},
{"learn":[0.1176165507],"iteration":421,"passed_time":0.1858169137,"remaining_time":0.2545075263},
{"learn":[0.1175482077],"iteration":422,"passed_time":0.1861936174,"remaining_time":0.2539804191},
{"learn":[0.1174810374],"iteration":423,"passed_time":0.1865779179,"remaining_time":0.2534643413},
{"learn":[0.1174150174],"iteration":424,"passed_time":0.1869587911,"remaining_time":0.2529442467},
{"learn":[0.1173346343],"iteration":425,"passed_time":0.1873500559,"remaining_time":0.2524388077},
{"learn":[0.1172709483],"iteration":426,"passed_time":0.1877622448,"remaining_time":0.2519619819},
{"learn":[0.1172083445],"iteration":427,"passed_time":0.1881312252,"remaining_time":0.2514277122},
{"learn":[0.1171468022],"iteration":428,"passed_time":0.1885328739,"remaining_time":0.2509376947},
{"learn":[0.117086301],"iteration":429,"passed_time":0.1889366322,"remaining_time":0.2504508846},
{"learn":[0.1170268213],"iteration":430,"passed_time":0.1893022968,"remaining_time":0.2499141691},
{"learn":[0.1169538333],"iteration":431,"passed_time":0.1898236076,"remaining_time":0.2495828915},
{"learn":[0.1168823746],"iteration":432,"passed_time":0.1902951215,"remaining_time":0.2491855286},
{"learn":[0.1168260303],"iteration":433,"passed_time":0.1906961262,"remaining_time":0.2486958696},
{"learn":[0.1163138073],"iteration":434,"passed_time":0.191092028,"remaining_time":0.2481999904},
{"learn":[0.1162585746],"iteration":435,"passed_time":0.1914695028,"remaining_time":0.2476807329},
{"learn":[0.1161906215],"iteration":436,"passed_time":0.191887528,"remaining_time":0.2472143668},
{"learn":[0.11613731],"iteration":437,"passed_time":0.1922699972,"remaining_time":0.2467025991},
{"learn":[0.1160848852],"iteration":438,"passed_time":0.1926274322,"remaining_time":0.2461594293},
{"learn":[0.1158068032],"iteration":439,"passed_time":0.1929846666,"remaining_time":0.2456168484},
{"learn":[0.1157558073],"iteration":440,"passed_time":0.1933586406,"remaining_time":0.2450963268},
{"learn":[0.1156929443],"iteration":441,"passed_time":0.193736698,"remaining_time":0.2445816233},
{"learn":[0.1156228669],"iteration":442,"passed_time":0.1941153505,"remaining_time":0.2440682849},
{"learn":[0.1152100747],"iteration":443,"passed_time":0.1944891231,"remaining_time":0.2435494424},
{"learn":[0.1151614838],"iteration":444,"passed_time":0.1949160201,"remaining_time":0.2430975082},
{"learn":[0.1150937064],"iteration":445,"passed_time":0.1953454241,"remaining_time":0.2426488003},
{"learn":[0.114804338],"iteration":446,"passed_time":0.1957609547,"remaining_time":0.2421830155},
{"learn":[0.1145362434],"iteration":447,"passed_time":0.1962097624,"remaining_time":0.2417584573},
{"learn":[0.1142511076],"iteration":448,"passed_time":0.1965915864,"remaining_time":0.2412515904},
{"learn":[0.1139882415],"iteration":449,"passed_time":0.1969517403,"remaining_time":0.2407187937},
{"learn":[0.1137072676],"iteration":450,"passed_time":0.197329871,"remaining_time":0.2402086456},
{"learn":[0.1135449834],"iteration":451,"passed_time":0.1976964251,"remaining_time":0.2396850463},
{"learn":[0.1133856933],"iteration":452,"passed_time":0.1981193228,"remaining_time":0.2392301757},
{"learn":[0.1130574297],"iteration":453,"passed_time":0.1984981018,"remaining_time":0.2387223867},
{"learn":[0.1127332204],"iteration":454,"passed_time":0.1988705324,"remaining_time":0.2382075607},
{"learn":[0.1123569261],"iteration":455,"passed_time":0.1992631751,"remaining_time":0.2377174721},
{"learn":[0.1120362635],"iteration":456,"passed_time":0.1996678402,"remaining_time":0.2372420946},
{"learn":[0.1115568949],"iteration":457,"passed_time":0.2000556441,"remaining_time":0.2367470722},
{"learn":[0.1114007206],"iteration":458,"passed_time":0.2004164046,"remaining_time":0.2362206424},
{"learn":[0.1110839437],"iteration":459,"passed_time":0.2008060232,"remaining_time":0.2357288099},
{"learn":[0.1107710738],"iteration":460,"passed_time":0.2012468997,"remaining_time":0.2352973513},
{"learn":[0.1105173143],"iteration":461,"passed_time":0.2017286829,"remaining_time":0.2349134879},
{"learn":[0.1101590319],"iteration":462,"passed_time":0.2021558214,"remaining_time":0.2344658231},
{"learn":[0.1098507593],"iteration":463,"passed_time":0.2025825544,"remaining_time":0.2340177783},
{"learn":[0.1096994252],"iteration":464,"passed_time":0.2030167394,"remaining_time":0.2335783991},
{"learn":[0.1094407257],"iteration":465,"passed_time":0.2034235279,"remaining_time":0.2331076479},
{"learn":[0.1091386889],"iteration":466,"passed_time":0.2038228548,"remaining_time":0.2326286545},
{"learn":[0.1089902277],"iteration":467,"passed_time":0.2042065619,"remaining_time":0.2321322455},
{"learn":[0.1087159393],"iteration":468,"passed_time":0.2045816187,"remaining_time":0.2316265235},
{"learn":[0.1084450326],"iteration":469,"passed_time":0.204972917,"remaining_time":0.2311396724},
{"learn":[0.1082984055],"iteration":470,"passed_time":0.205415562,"remaining_time":0.2307108966},
{"learn":[0.1080304173],"iteration":471,"passed_time":0.2058005189,"remaining_time":0.2302175296},
{"learn":[0.1077907102],"iteration":472,"passed_time":0.2061850887,"remaining_time":0.2297241897},
{"learn":[0.1075264489],"iteration":473,"passed_time":0.2067116478,"remaining_time":0.229388875},
{"learn":[0.1074005249],"iteration":474,"passed_time":0.2071536414,"remaining_time":0.2289592878},
{"learn":[0.1071392346],"iteration":475,"passed_time":0.207562193,"remaining_time":0.2284928343},
{"learn":[0.1069056934],"iteration":476,"passed_time":0.2079931911,"remaining_time":0.2280512346},
{"learn":[0.1065590438],"iteration":477,"passed_time":0.2083946665,"remaining_time":0.2275774392},
{"learn":[0.1063013037],"iteration":478,"passed_time":0.2087464056,"remaining_time":0.2270498483},
{"learn":[0.1061780034],"iteration":479,"passed_time":0.2091178175,"remaining_time":0.2265443023},
{"learn":[0.105923164],"iteration":480,"passed_time":0.209468135,"remaining_time":0.2260165532},
{"learn":[0.105801554],"iteration":481,"passed_time":0.2098529738,"remaining_time":0.2255266399},
{"learn":[0.105549581],"iteration":482,"passed_time":0.2102651905,"remaining_time":0.2250664669},
{"learn":[0.1053237076],"iteration":483,"passed_time":0.2106681292,"remaining_time":0.2245966006},
{"learn":[0.1047355623],"iteration":484,"passed_time":0.211049279,"remaining_time":0.2241038736},
{"learn":[0.1044098979],"iteration":485,"passed_time":0.2114740444,"remaining_time":0.2236577342},
{"learn":[0.1041625738],"iteration":486,"passed_time":0.2119294966,"remaining_time":0.2232440077},
{"learn":[0.1040664098],"iteration":487,"passed_time":0.2125123523,"remaining_time":0.2229637794},
{"learn":[0.1038219415],"iteration":488,"passed_time":0.212939747,"remaining_time":0.2225198583},
{"learn":[0.1037267683],"iteration":489,"passed_time":0.2133484345,"remaining_time":0.2220565339},
{"learn":[0.1036327597],"iteration":490,"passed_time":0.2137207427,"remaining_time":0.221555719},
{"learn":[0.1033909262],"iteration":491,"passed_time":0.214163838,"remaining_time":0.2211285156},
{"learn":[0.1031730988],"iteration":492,"passed_time":0.214571981,"remaining_time":0.220665303},
{"learn":[0.1028137342],"iteration":493,"passed_time":0.2149880132,"remaining_time":0.2202103941},
{"learn":[0.1026987301],"iteration":494,"passed_time":0.2154292146,"remaining_time":0.21978132},
{"learn":[0.1024599704],"iteration":495,"passed_time":0.2158071891,"remaining_time":0.2192879502},
{"learn":[0.1022476939],"iteration":496,"passed_time":0.2162256087,"remaining_time":0.2188359782},
{"learn":[0.1020121839],"iteration":497,"passed_time":0.2166660314,"remaining_time":0.2184063208},
{"learn":[0.1017038961],"iteration":498,"passed_time":0.2170805768,"remaining_time":0.2179506393},
{"learn":[0.1014712454],"iteration":499,"passed_time":0.217472297,"remaining_time":0.217472297},
{"learn":[0.101358412],"iteration":500,"passed_time":0.2179001636,"remaining_time":0.2170303027},
{"learn":[0.1011283697],"iteration":501,"passed_time":0.2183664801,"remaining_time":0.2166265082},
{"learn":[0.1010390894],"iteration":502,"passed_time":0.2189557742,"remaining_time":0.2163439757},
{"learn":[0.1009290645],"iteration":503,"passed_time":0.2193942081,"remaining_time":0.2159117603},
{"learn":[0.1007014304],"iteration":504,"passed_time":0.2197994543,"remaining_time":0.2154469899},
{"learn":[0.1004972862],"iteration":505,"passed_time":0.2202326287,"remaining_time":0.2150097205},
{"learn":[0.1002727453],"iteration":506,"passed_time":0.2206258418,"remaining_time":0.2145336094},
{"learn":[0.09992994565],"iteration":507,"passed_time":0.2211018098,"remaining_time":0.2141379733},
{"learn":[0.0998221469],"iteration":508,"passed_time":0.2215649448,"remaining_time":0.2137296422},
{"learn":[0.09960011215],"iteration":509,"passed_time":0.2221274991,"remaining_time":0.2134166168},
{"learn":[0.09940139257],"iteration":510,"passed_time":0.2226569758,"remaining_time":0.2130709612},
{"learn":[0.09928301502],"iteration":511,"passed_time":0.2230524571,"remaining_time":0.2125968732},
{"learn":[0.09906379089],"iteration":512,"passed_time":0.2235672041,"remaining_time":0.2122363127},
{"learn":[0.09855571746],"iteration":513,"passed_time":0.2240875931,"remaining_time":0.2118804868},
{"learn":[0.09847207166],"iteration":514,"passed_time":0.2245481975,"remaining_time":0.2114677199},
{"learn":[0.09828009593],"iteration":515,"passed_time":0.2250361871,"remaining_time":0.2110804546},
{"learn":[0.09787624946],"iteration":516,"passed_time":0.2255161698,"remaining_time":0.2106853192},
{"learn":[0.09737852658],"iteration":517,"passed_time":0.225936824,"remaining_time":0.2102346509},
{"learn":[0.0968907243],"iteration":518,"passed_time":0.2264117958,"remaining_time":0.2098344388},
{"learn":[0.09680828486],"iteration":519,"passed_time":0.2268391646,"remaining_time":0.2093899981},
{"learn":[0.09642377421],"iteration":520,"passed_time":0.22726227,"remaining_time":0.2089417031},
{"learn":[0.09594512438],"iteration":521,"passed_time":0.2277050685,"remaining_time":0.2085115378},
{"learn":[0.09576007926],"iteration":522,"passed_time":0.2281263155,"remaining_time":0.2080616682},
{"learn":[0.09526320645],"iteration":523,"passed_time":0.2285812486,"remaining_time":0.2076425083},
{"learn":[0.09481850539],"iteration":524,"passed_time":0.2290862079,"remaining_time":0.2072684738},
{"learn":[0.09473698776],"iteration":525,"passed_time":0.2295620305,"remaining_time":0.2068676853},
{"learn":[0.09465647056],"iteration":526,"passed_time":0.2300583929,"remaining_time":0.2064850471},
{"learn":[0.09457694199],"iteration":527,"passed_time":0.2304635121,"remaining_time":0.2060204124},
{"learn":[0.09447806509],"iteration":528,"passed_time":0.2308644944,"remaining_time":0.2055523193},
{"learn":[0.09429987131],"iteration":529,"passed_time":0.2312630808,"remaining_time":0.2050823547},
{"learn":[0.09393651438],"iteration":530,"passed_time":0.2317104647,"remaining_time":0.2046557589},
{"learn":[0.09385966766],"iteration":531,"passed_time":0.2321555635,"remaining_time":0.2042270746},
{"learn":[0.09368522247],"iteration":532,"passed_time":0.232531083,"remaining_time":0.2037373654},
{"learn":[0.09339940481],"iteration":533,"passed_time":0.2329897954,"remaining_time":0.2033206829},
{"learn":[0.09332408558],"iteration":534,"passed_time":0.2334315401,"remaining_time":0.2028890956},
{"learn":[0.09304561122],"iteration":535,"passed_time":0.2338903382,"remaining_time":0.2024722331},
{"learn":[0.09297098481],"iteration":536,"passed_time":0.2343370333,"remaining_time":0.2020447792},
{"learn":[0.09289727765],"iteration":537,"passed_time":0.2347763948,"remaining_time":0.2016109562},
{"learn":[0.09262573884],"iteration":538,"passed_time":0.2353390044,"remaining_time":0.2012825251},
{"learn":[0.09245665678],"iteration":539,"passed_time":0.2357619735,"remaining_time":0.2008342737},
{"learn":[0.0921923734],"iteration":540,"passed_time":0.2361387938,"remaining_time":0.2003469618},
{"learn":[0.09211992004],"iteration":541,"passed_time":0.2365050419,"remaining_time":0.1998511239},
{"learn":[0.09165766859],"iteration":542,"passed_time":0.2368634914,"remaining_time":0.1993491999},
{"learn":[0.0915858788],"iteration":543,"passed_time":0.2372269356,"remaining_time":0.1988519902},
{"learn":[0.09132779403],"iteration":544,"passed_time":0.237631671,"remaining_time":0.1983897437},
{"learn":[0.09125667722],"iteration":545,"passed_time":0.238002727,"remaining_time":0.1978997034},
{"learn":[0.09109360726],"iteration":546,"passed_time":0.2384092675,"remaining_time":0.1974394848},
{"learn":[0.09084221856],"iteration":547,"passed_time":0.2388259557,"remaining_time":0.1969878321},
{"learn":[0.09077253037],"iteration":548,"passed_time":0.2392384194,"remaining_time":0.1965328363},
{"learn":[0.09052762826],"iteration":549,"passed_time":0.2396469158,"remaining_time":0.1960747493},
{"learn":[0.09045860292],"iteration":550,"passed_time":0.2400769179,"remaining_time":0.1956343669},
{"learn":[0.09029975752],"iteration":551,"passed_time":0.2405150856,"remaining_time":0.1952006492},
{"learn":[0.09010659221],"iteration":552,"passed_time":0.2409306663,"remaining_time":0.194748658},
{"learn":[0.0896525547],"iteration":553,"passed_time":0.2413442077,"remaining_time":0.1942951564},
{"learn":[0.08920755457],"iteration":554,"passed_time":0.2417478557,"remaining_time":0.1938338663},
{"learn":[0.08913957431],"iteration":555,"passed_time":0.242180971,"remaining_time":0.193396315},
{"learn":[0.08863161276],"iteration":556,"passed_time":0.2425746225,"remaining_time":0.1929273927},
{"learn":[0.0882016075],"iteration":557,"passed_time":0.2429906994,"remaining_time":0.1924765039},
{"learn":[0.08771230202],"iteration":558,"passed_time":0.2434715164,"remaining_time":0.1920768135},
{"learn":[0.08723505297],"iteration":559,"passed_time":0.2438851755,"remaining_time":0.1916240665},
{"learn":[0.08682575649],"iteration":560,"passed_time":0.2442697685,"remaining_time":0.1911487137},
{"learn":[0.08639894532],"iteration":561,"passed_time":0.2446911235,"remaining_time":0.1907023347},
{"learn":[0.0862870331],"iteration":562,"passed_time":0.2451003886,"remaining_time":0.1902466604},
{"learn":[0.08588746431],"iteration":563,"passed_time":0.2455686689,"remaining_time":0.1898367724},
{"learn":[0.08547209744],"iteration":564,"passed_time":0.2460074921,"remaining_time":0.1894039983},
{"learn":[0.08540331691],"iteration":565,"passed_time":0.246408496,"remaining_time":0.1889422037},
{"learn":[0.08533538084],"iteration":566,"passed_time":0.2468271175,"remaining_time":0.1884940774},
{"learn":[0.08492978668],"iteration":567,"passed_time":0.2472659851,"remaining_time":0.1880614534},
{"learn":[0.08486234365],"iteration":568,"passed_time":0.2476269316,"remaining_time":0.1875697847},
{"learn":[0.08479572897],"iteration":569,"passed_time":0.248025719,"remaining_time":0.1871071214},
{"learn":[0.08472993288],"iteration":570,"passed_time":0.2484292033,"remaining_time":0.1866482106},
{"learn":[0.08462226691],"iteration":571,"passed_time":0.2488796337,"remaining_time":0.186224621},
{"learn":[0.08420345964],"iteration":572,"passed_time":0.2493109505,"remaining_time":0.1857866944},
{"learn":[0.08413880211],"iteration":573,"passed_time":0.2496801223,"remaining_time":0.1853026692},
{"learn":[0.08407493965],"iteration":574,"passed_time":0.250058162,"remaining_time":0.184825598},
{"learn":[0.0840118629],"iteration":575,"passed_time":0.2504697065,"remaining_time":0.1843735339},
{"learn":[0.08389431565],"iteration":576,"passed_time":0.2508519483,"remaining_time":0.1839001285},
{"learn":[0.08348420089],"iteration":577,"passed_time":0.2514505925,"remaining_time":0.1835850347},
{"learn":[0.08342239175],"iteration":578,"passed_time":0.2519019803,"remaining_time":0.1831618889},
{"learn":[0.08332789487],"iteration":579,"passed_time":0.2522954195,"remaining_time":0.1826966831},
{"learn":[0.08322549021],"iteration":580,"passed_time":0.2527157133,"remaining_time":0.182251091},
{"learn":[0.0827620482],"iteration":581,"passed_time":0.2530976677,"remaining_time":0.18177805},
{"learn":[0.08230938305],"iteration":582,"passed_time":0.2535372577,"remaining_time":0.1813465462},
{"learn":[0.08220751256],"iteration":583,"passed_time":0.2539811401,"remaining_time":0.1809180724},
{"learn":[0.08181643726],"iteration":584,"passed_time":0.2543607094,"remaining_time":0.180443922},
{"learn":[0.08175657767],"iteration":585,"passed_time":0.2547873501,"remaining_time":0.1800033497},
{"learn":[0.08169745398],"iteration":586,"passed_time":0.2551670027,"remaining_time":0.1795297651},
{"learn":[0.08163905758],"iteration":587,"passed_time":0.2556167397,"remaining_time":0.1791056067},
{"learn":[0.08120099049],"iteration":588,"passed_time":0.256010084,"remaining_time":0.1786420111},
{"learn":[0.08106061687],"iteration":589,"passed_time":0.2564731611,"remaining_time":0.1782271119},
{"learn":[0.08092360625],"iteration":590,"passed_time":0.2570205767,"remaining_time":0.1778704161},
{"learn":[0.08078987713],"iteration":591,"passed_time":0.2575011004,"remaining_time":0.1774669746},
{"learn":[0.08036088446],"iteration":592,"passed_time":0.2579568872,"remaining_time":0.1770462952},
{"learn":[0.08022997957],"iteration":593,"passed_time":0.2584360904,"remaining_time":0.1766415029},
{"learn":[0.08013711004],"iteration":594,"passed_time":0.2588778575,"remaining_time":0.1762109786},
{"learn":[0.08004624695],"iteration":595,"passed_time":0.2592842077,"remaining_time":0.1757564092},
{"learn":[0.07995042093],"iteration":596,"passed_time":0.2596756604,"remaining_time":0.175291945},
{"learn":[0.07987060503],"iteration":597,"passed_time":0.2600903355,"remaining_time":0.1748433359},
{"learn":[0.07974945068],"iteration":598,"passed_time":0.2604837238,"remaining_time":0.1743805897},
{"learn":[0.07956222198],"iteration":599,"passed_time":0.2609120504,"remaining_time":0.1739413669},
{"learn":[0.07937726286],"iteration":600,"passed_time":0.2612983478,"remaining_time":0.1734742775},
{"learn":[0.07895756579],"iteration":601,"passed_time":0.2617193605,"remaining_time":0.1730304078},
{"learn":[0.07887855619],"iteration":602,"passed_time":0.2621354044,"remaining_time":0.1725833425},
{"learn":[0.07880111235],"iteration":603,"passed_time":0.2626061222,"remaining_time":0.1721722258},
{"learn":[0.07872191155],"iteration":604,"passed_time":0.263091511,"remaining_time":0.1717704906},
{"learn":[0.07858288941],"iteration":605,"passed_time":0.2635188695,"remaining_time":0.1713307501},
{"learn":[0.07817164399],"iteration":606,"passed_time":0.2639356406,"remaining_time":0.1708841957},
{"learn":[0.07809664319],"iteration":607,"passed_time":0.2643569065,"remaining_time":0.1704406371},
{"learn":[0.07790642301],"iteration":608,"passed_time":0.2650838329,"remaining_time":0.1701933968},
{"learn":[0.0778304957],"iteration":609,"passed_time":0.265729432,"remaining_time":0.1698925877},
{"learn":[0.07769303142],"iteration":610,"passed_time":0.2661257722,"remaining_time":0.1694319565},
{"learn":[0.07735037514],"iteration":611,"passed_time":0.2664977428,"remaining_time":0.1689560853},
{"learn":[0.07695281445],"iteration":612,"passed_time":0.2668930794,"remaining_time":0.1684953046},
{"learn":[0.07677048596],"iteration":613,"passed_time":0.2672693726,"remaining_time":0.1680227652},
{"learn":[0.07665049057],"iteration":614,"passed_time":0.2676457472,"remaining_time":0.1675505897},
{"learn":[0.07657953064],"iteration":615,"passed_time":0.268109841,"remaining_time":0.1671334074},
{"learn":[0.07650654972],"iteration":616,"passed_time":0.2685956647,"remaining_time":0.1667295617},
{"learn":[0.0763720987],"iteration":617,"passed_time":0.269011697,"remaining_time":0.1662823111},
{"learn":[0.07598396398],"iteration":618,"passed_time":0.269399091,"remaining_time":0.1658175342},
{"learn":[0.07580988062],"iteration":619,"passed_time":0.2698167308,"remaining_time":0.1653715447},
{"learn":[0.0757421527],"iteration":620,"passed_time":0.2702238671,"remaining_time":0.1649192361},
{"learn":[0.07567217724],"iteration":621,"passed_time":0.2705857929,"remaining_time":0.1644395976},
{"learn":[0.07553922902],"iteration":622,"passed_time":0.2709888628,"remaining_time":0.1639852348},
{"learn":[0.07540813148],"iteration":623,"passed_time":0.271345836,"remaining_time":0.1635032601},
{"learn":[0.07507618492],"iteration":624,"passed_time":0.2717435707,"remaining_time":0.1630461424},
{"learn":[0.07470074519],"iteration":625,"passed_time":0.2721601123,"remaining_time":0.1626004505},
{"learn":[0.07431360131],"iteration":626,"passed_time":0.2726001923,"remaining_time":0.1621688545},
{"learn":[0.07414700013],"iteration":627,"passed_time":0.2730823232,"remaining_time":0.1617621405},
{"learn":[0.07403268685],"iteration":628,"passed_time":0.2736565708,"remaining_time":0.1614095195},
{"learn":[0.073921565],"iteration":629,"passed_time":0.2741511778,"remaining_time":0.1610094219},
{"learn":[0.07360138259],"iteration":630,"passed_time":0.2746068889,"remaining_time":0.1605862789},
{"learn":[0.0732867365],"iteration":631,"passed_time":0.2750680598,"remaining_time":0.160166212},
{"learn":[0.07303939638],"iteration":632,"passed_time":0.2754906974,"remaining_time":0.1597236745},
{"learn":[0.07292076284],"iteration":633,"passed_time":0.2758657874,"remaining_time":0.1592537511},
{"learn":[0.072852796],"iteration":634,"passed_time":0.2762358638,"remaining_time":0.1587812445},
{"learn":[0.07273620403],"iteration":635,"passed_time":0.276630591,"remaining_time":0.1583231684},
{"learn":[0.07262862317],"iteration":636,"passed_time":0.2770127132,"remaining_time":0.1578581082},
{"learn":[0.07231863229],"iteration":637,"passed_time":0.2773998048,"remaining_time":0.1573961275},
{"learn":[0.07208878435],"iteration":638,"passed_time":0.2777747096,"remaining_time":0.1569274963},
{"learn":[0.07196118451],"iteration":639,"passed_time":0.2782134599,"remaining_time":0.1564950712},
{"learn":[0.07160383027],"iteration":640,"passed_time":0.278653161,"remaining_time":0.1560631588},
{"learn":[0.07153390807],"iteration":641,"passed_time":0.2792744935,"remaining_time":0.1557325057},
{"learn":[0.07143149338],"iteration":642,"passed_time":0.2797832614,"remaining_time":0.1553384515},
{"learn":[0.0713713131],"iteration":643,"passed_time":0.2803090237,"remaining_time":0.1549534355},
{"learn":[0.07124498301],"iteration":644,"passed_time":0.2807471697,"remaining_time":0.1545197601},
{"learn":[0.07092186086],"iteration":645,"passed_time":0.2812261483,"remaining_time":0.1541084466},
{"learn":[0.07062448567],"iteration":646,"passed_time":0.2816545305,"remaining_time":0.1536693188},
{"learn":[0.07040305894],"iteration":647,"passed_time":0.2821264426,"remaining_time":0.1532538701},
{"learn":[0.07030427638],"iteration":648,"passed_time":0.282543898,"remaining_time":0.1528087954},
{"learn":[0.07008726867],"iteration":649,"passed_time":0.282931353,"remaining_time":0.1523476516},
{"learn":[0.06996274667],"iteration":650,"passed_time":0.2833617831,"remaining_time":0.1519097731},
{"learn":[0.06989909741],"iteration":651,"passed_time":0.2837344459,"remaining_time":0.1514410846},
{"learn":[0.06977615089],"iteration":652,"passed_time":0.2841324238,"remaining_time":0.1509861425},
{"learn":[0.06968089926],"iteration":653,"passed_time":0.2845173753,"remaining_time":0.1505244829},
{"learn":[0.06946818917],"iteration":654,"passed_time":0.2850791621,"remaining_time":0.1501561999},
{"learn":[0.06913518407],"iteration":655,"passed_time":0.2856346341,"remaining_time":0.1497840155},
{"learn":[0.06907028187],"iteration":656,"passed_time":0.2860881728,"remaining_time":0.1493580567},
{"learn":[0.06871980136],"iteration":657,"passed_time":0.2865040746,"remaining_time":0.1489124521},
{"learn":[0.06856566543],"iteration":658,"passed_time":0.2868815292,"remaining_time":0.1484470432},
{"learn":[0.06822110713],"iteration":659,"passed_time":0.2872615079,"remaining_time":0.147983201},
{"learn":[0.06790253464],"iteration":660,"passed_time":0.2876566149,"remaining_time":0.1475273713},
{"learn":[0.06783697381],"iteration":661,"passed_time":0.2880693536,"remaining_time":0.1470807274},
{"learn":[0.0675000398],"iteration":662,"passed_time":0.2884892099,"remaining_time":0.1466378035},
{"learn":[0.06716867238],"iteration":663,"passed_time":0.2889813601,"remaining_time":0.1462315316},
{"learn":[0.06701986158],"iteration":664,"passed_time":0.2893805897,"remaining_time":0.1457781918},
{"learn":[0.06671534659],"iteration":665,"passed_time":0.2897742759,"remaining_time":0.1453222344},
{"learn":[0.06661201473],"iteration":666,"passed_time":0.2901618007,"remaining_time":0.1448633878},
{"learn":[0.06628796627],"iteration":667,"passed_time":0.2907192623,"remaining_time":0.1444892142},
{"learn":[0.06596927845],"iteration":668,"passed_time":0.2912172114,"remaining_time":0.1440850478},
{"learn":[0.06567617957],"iteration":669,"passed_time":0.2916166625,"remaining_time":0.1436320875},
{"learn":[0.06536498094],"iteration":670,"passed_time":0.2920369803,"remaining_time":0.1431895179},
{"learn":[0.06522290048],"iteration":671,"passed_time":0.2924600729,"remaining_time":0.1427483689},
{"learn":[0.06496413238],"iteration":672,"passed_time":0.292824637,"remaining_time":0.1422788355},
{"learn":[0.06475619353],"iteration":673,"passed_time":0.2932259844,"remaining_time":0.1418274049},
{"learn":[0.06468985734],"iteration":674,"passed_time":0.2936620783,"remaining_time":0.1413928525},
{"learn":[0.06458685071],"iteration":675,"passed_time":0.2940517475,"remaining_time":0.1409360446},
{"learn":[0.06452272222],"iteration":676,"passed_time":0.2945087358,"remaining_time":0.1405115534},
{"learn":[0.06445987088],"iteration":677,"passed_time":0.2949383042,"remaining_time":0.1400739439},
{"learn":[0.06420526721],"iteration":678,"passed_time":0.2953412579,"remaining_time":0.1396237758},
{"learn":[0.06401626367],"iteration":679,"passed_time":0.2958661956,"remaining_time":0.1392311509},
{"learn":[0.063766679],"iteration":680,"passed_time":0.2963492919,"remaining_time":0.1388185376},
{"learn":[0.06352154483],"iteration":681,"passed_time":0.2967758636,"remaining_time":0.1383793616},
{"learn":[0.06333735426],"iteration":682,"passed_time":0.297205217,"remaining_time":0.1379415136},
{"learn":[0.06324459686],"iteration":683,"passed_time":0.2976192755,"remaining_time":0.1374966244},
{"learn":[0.06297305725],"iteration":684,"passed_time":0.2980037929,"remaining_time":0.1370382405},
{"learn":[0.06279213856],"iteration":685,"passed_time":0.2984081909,"remaining_time":0.1365891719},
{"learn":[0.06250189248],"iteration":686,"passed_time":0.2988021931,"remaining_time":0.136135497},
{"learn":[0.06221649099],"iteration":687,"passed_time":0.2991831253,"remaining_time":0.1356760685},
{"learn":[0.06197942412],"iteration":688,"passed_time":0.299625844,"remaining_time":0.1352447569},
{"learn":[0.06180371107],"iteration":689,"passed_time":0.3000510353,"remaining_time":0.1348055376},
{"learn":[0.06157103762],"iteration":690,"passed_time":0.3004197982,"remaining_time":0.1343411254},
{"learn":[0.06139501921],"iteration":691,"passed_time":0.300800241,"remaining_time":0.1338821882},
{"learn":[0.06116693972],"iteration":692,"passed_time":0.3012089594,"remaining_time":0.1334360037},
{"learn":[0.06099491382],"iteration":693,"passed_time":0.30164934,"remaining_time":0.1330038877},
{"learn":[0.0607664685],"iteration":694,"passed_time":0.3021518278,"remaining_time":0.1325990036},
{"learn":[0.0604607143],"iteration":695,"passed_time":0.3028061782,"remaining_time":0.1322601698},
{"learn":[0.0602373592],"iteration":696,"passed_time":0.3032595135,"remaining_time":0.1318330453},
{"learn":[0.06017199789],"iteration":697,"passed_time":0.3036517213,"remaining_time":0.131379398},
{"learn":[0.05990342786],"iteration":698,"passed_time":0.3040460727,"remaining_time":0.1309268496},
{"learn":[0.05983859105],"iteration":699,"passed_time":0.304437101,"remaining_time":0.1304730433},
{"learn":[0.0596201669],"iteration":700,"passed_time":0.304848057,"remaining_time":0.1300279159},
{"learn":[0.05950655885],"iteration":701,"passed_time":0.3052691373,"remaining_time":0.1295871836},
{"learn":[0.05941435343],"iteration":702,"passed_time":0.3056501636,"remaining_time":0.1291295855},
{"learn":[0.05930341555],"iteration":703,"passed_time":0.3060520975,"remaining_time":0.1286809955},
{"learn":[0.0592389484],"iteration":704,"passed_time":0.3064704311,"remaining_time":0.1282394002},
{"learn":[0.05914878368],"iteration":705,"passed_time":0.306941478,"remaining_time":0.1278198223},
{"learn":[0.05898873864],"iteration":706,"passed_time":0.307580956,"remaining_time":0.1274699012},
{"learn":[0.05879827713],"iteration":707,"passed_time":0.3080296496,"remaining_time":0.1270404769},
{"learn":[0.05851350369],"iteration":708,"passed_time":0.3085203986,"remaining_time":0.1266282595},
{"learn":[0.05832656863],"iteration":709,"passed_time":0.3089445504,"remaining_time":0.1261886192},
{"learn":[0.05802713986],"iteration":710,"passed_time":0.3093777989,"remaining_time":0.12575272},
{"learn":[0.05781541346],"iteration":711,"passed_time":0.3097950096,"remaining_time":0.125310341},
{"learn":[0.05763392265],"iteration":712,"passed_time":0.3101850716,"remaining_time":0.1248571046},
{"learn":[0.05745553122],"iteration":713,"passed_time":0.310615264,"remaining_time":0.1244201197},
{"learn":[0.05728018462],"iteration":714,"passed_time":0.3110337944,"remaining_time":0.1239785055},
{"learn":[0.05710782936],"iteration":715,"passed_time":0.3114409453,"remaining_time":0.123532442},
{"learn":[0.05705381572],"iteration":716,"passed_time":0.311839742,"remaining_time":0.1230831897},
{"learn":[0.05700087441],"iteration":717,"passed_time":0.3122063335,"remaining_time":0.122621429},
{"learn":[0.05694898326],"iteration":718,"passed_time":0.3126106135,"remaining_time":0.1221746626},
{"learn":[0.05686003147],"iteration":719,"passed_time":0.3132070184,"remaining_time":0.1218027294},
{"learn":[0.05680906929],"iteration":720,"passed_time":0.3137588455,"remaining_time":0.1214129236},
{"learn":[0.05672300814],"iteration":721,"passed_time":0.3142772437,"remaining_time":0.1210097974},
{"learn":[0.05667289487],"iteration":722,"passed_time":0.3146731629,"remaining_time":0.1205594275},
{"learn":[0.05658775323],"iteration":723,"passed_time":0.3150676409,"remaining_time":0.1201086587},
{"learn":[0.05653852594],"iteration":724,"passed_time":0.3154694289,"remaining_time":0.1196608178},
{"learn":[0.05648736525],"iteration":725,"passed_time":0.3158522426,"remaining_time":0.1192059428},
{"learn":[0.05643904654],"iteration":726,"passed_time":0.3162686013,"remaining_time":0.1187638626},
{"learn":[0.05635508619],"iteration":727,"passed_time":0.3166628068,"remaining_time":0.1183135762},
{"learn":[0.05612934483],"iteration":728,"passed_time":0.3170525138,"remaining_time":0.1178617712},
{"learn":[0.0560816527],"iteration":729,"passed_time":0.3174957758,"remaining_time":0.1174299445},
{"learn":[0.05598510047],"iteration":730,"passed_time":0.3183579941,"remaining_time":0.1171522578},
{"learn":[0.05593914564],"iteration":731,"passed_time":0.318824514,"remaining_time":0.1167281008},
{"learn":[0.05585713057],"iteration":732,"passed_time":0.3193111376,"remaining_time":0.1163111511},
{"learn":[0.05581192033],"iteration":733,"passed_time":0.319789032,"remaining_time":0.1158908481},
{"learn":[0.05573078375],"iteration":734,"passed_time":0.3201926683,"remaining_time":0.1154436151},
{"learn":[0.05568639437],"iteration":735,"passed_time":0.3205596549,"remaining_time":0.1149833545},
{"learn":[0.05563801812],"iteration":736,"passed_time":0.3210134085,"remaining_time":0.1145543099},
{"learn":[0.05534957503],"iteration":737,"passed_time":0.3213797858,"remaining_time":0.1140941787},
{"learn":[0.05530192141],"iteration":738,"passed_time":0.3217703101,"remaining_time":0.1136428294},
{"learn":[0.05513041234],"iteration":739,"passed_time":0.3221881058,"remaining_time":0.1132012264},
{"learn":[0.05508639227],"iteration":740,"passed_time":0.3225614443,"remaining_time":0.1127441486},
{"learn":[0.05499625651],"iteration":741,"passed_time":0.3230213954,"remaining_time":0.1123174124},
{"learn":[0.05472042681],"iteration":742,"passed_time":0.3234184873,"remaining_time":0.1118688442},
{"learn":[0.05455170348],"iteration":743,"passed_time":0.3238149788,"remaining_time":0.1114202078},
{"learn":[0.05450509085],"iteration":744,"passed_time":0.3242573046,"remaining_time":0.1109873996},
{"learn":[0.05446224146],"iteration":745,"passed_time":0.3247222127,"remaining_time":0.1105622547},
{"learn":[0.05441618642],"iteration":746,"passed_time":0.3252283778,"remaining_time":0.1101509767},
{"learn":[0.05437413053],"iteration":747,"passed_time":0.3257925544,"remaining_time":0.1097589889},
{"learn":[0.05409566226],"iteration":748,"passed_time":0.3262340888,"remaining_time":0.1093254423},
{"learn":[0.05392961549],"iteration":749,"passed_time":0.3266753114,"remaining_time":0.1088917705},
{"learn":[0.05388412402],"iteration":750,"passed_time":0.3270792395,"remaining_time":0.1084457132},
{"learn":[0.0537207673],"iteration":751,"passed_time":0.3274602072,"remaining_time":0.107992196},
{"learn":[0.05363476642],"iteration":752,"passed_time":0.3278295646,"remaining_time":0.107535063},
{"learn":[0.05359313345],"iteration":753,"passed_time":0.3282109194,"remaining_time":0.1070820771},
{"learn":[0.053556698],"iteration":754,"passed_time":0.328597385,"remaining_time":0.1066309395},
{"learn":[0.05346043091],"iteration":755,"passed_time":0.329034951,"remaining_time":0.1061964657},
{"learn":[0.05318684605],"iteration":756,"passed_time":0.3294123077,"remaining_time":0.1057426562},
{"learn":[0.05302614225],"iteration":757,"passed_time":0.3298169944,"remaining_time":0.1052977739},
{"learn":[0.05298148302],"iteration":758,"passed_time":0.3303413965,"remaining_time":0.1048910099},
{"learn":[0.05293740127],"iteration":759,"passed_time":0.3307740279,"remaining_time":0.1044549562},
{"learn":[0.05287690771],"iteration":760,"passed_time":0.3312009754,"remaining_time":0.1040171263},
{"learn":[0.05261556325],"iteration":761,"passed_time":0.3315756263,"remaining_time":0.1035629909},
{"learn":[0.05245804879],"iteration":762,"passed_time":0.3319463363,"remaining_time":0.1031078397},
{"learn":[0.05241449479],"iteration":763,"passed_time":0.3323164408,"remaining_time":0.1026527225},
{"learn":[0.05235490588],"iteration":764,"passed_time":0.3326932522,"remaining_time":0.1021998879},
{"learn":[0.05231868409],"iteration":765,"passed_time":0.3331345215,"remaining_time":0.1017669426},
{"learn":[0.052085441],"iteration":766,"passed_time":0.3335012002,"remaining_time":0.1013113163},
{"learn":[0.05202630019],"iteration":767,"passed_time":0.3339369013,"remaining_time":0.1008767723},
{"learn":[0.05196789036],"iteration":768,"passed_time":0.3342996259,"remaining_time":0.1004203037},
{"learn":[0.05183410561],"iteration":769,"passed_time":0.3346724107,"remaining_time":0.09996708371},
{"learn":[0.05170172318],"iteration":770,"passed_time":0.3350900273,"remaining_time":0.09952738814},
{"learn":[0.05164373857],"iteration":771,"passed_time":0.3354753735,"remaining_time":0.09907821913},
{"learn":[0.05151259864],"iteration":772,"passed_time":0.3358817056,"remaining_time":0.09863537798},
{"learn":[0.05145518513],"iteration":773,"passed_time":0.3363185894,"remaining_time":0.09820155196},
{"learn":[0.05136276282],"iteration":774,"passed_time":0.3367935534,"remaining_time":0.09777877358},
{"learn":[0.05111128357],"iteration":775,"passed_time":0.3371832269,"remaining_time":0.09733124075},
{"learn":[0.05094776755],"iteration":776,"passed_time":0.3375592098,"remaining_time":0.09687992765},
{"learn":[0.05090404934],"iteration":777,"passed_time":0.3379263083,"remaining_time":0.09642627307},
{"learn":[0.05086089294],"iteration":778,"passed_time":0.3382911904,"remaining_time":0.09597221191},
{"learn":[0.05063800524],"iteration":779,"passed_time":0.3386476013,"remaining_time":0.09551599011},
{"learn":[0.05058166128],"iteration":780,"passed_time":0.3390262391,"remaining_time":0.09506625654},
{"learn":[0.05052601477],"iteration":781,"passed_time":0.3394744125,"remaining_time":0.09463608941},
{"learn":[0.05030639992],"iteration":782,"passed_time":0.3398458571,"remaining_time":0.09418461174},
{"learn":[0.05025120906],"iteration":783,"passed_time":0.3402393989,"remaining_time":0.09373942624},
{"learn":[0.05012570619],"iteration":784,"passed_time":0.3406194938,"remaining_time":0.09329068938},
{"learn":[0.0499678212],"iteration":785,"passed_time":0.34099542,"remaining_time":0.09284099221},
{"learn":[0.04993110559],"iteration":786,"passed_time":0.3413769997,"remaining_time":0.09239301262},
{"learn":[0.04989504403],"iteration":787,"passed_time":0.3418499926,"remaining_time":0.09196979496},
{"learn":[0.0498372804],"iteration":788,"passed_time":0.3423151862,"remaining_time":0.09154436539},
{"learn":[0.04979389787],"iteration":789,"passed_time":0.3426667054,"remaining_time":0.09108861789},
{"learn":[0.04975898662],"iteration":790,"passed_time":0.3430495511,"remaining_time":0.09064141111},
{"learn":[0.04971612568],"iteration":791,"passed_time":0.3434557339,"remaining_time":0.09020049577},
{"learn":[0.04965992522],"iteration":792,"passed_time":0.3438382717,"remaining_time":0.08975349589},
{"learn":[0.04961755308],"iteration":793,"passed_time":0.344219349,"remaining_time":0.08930627945},
{"learn":[0.04949317424],"iteration":794,"passed_time":0.3445907581,"remaining_time":0.08885673637},
{"learn":[0.04945925324],"iteration":795,"passed_time":0.3449530926,"remaining_time":0.08840506393},
{"learn":[0.04941728559],"iteration":796,"passed_time":0.3453111547,"remaining_time":0.08795252748},
{"learn":[0.04929402467],"iteration":797,"passed_time":0.3457283094,"remaining_time":0.0875151861},
{"learn":[0.04917206459],"iteration":798,"passed_time":0.3461043066,"remaining_time":0.08706754147},
{"learn":[0.04911751606],"iteration":799,"passed_time":0.3465027804,"remaining_time":0.08662569509},
{"learn":[0.0490625376],"iteration":800,"passed_time":0.3469122774,"remaining_time":0.08618669563},
{"learn":[0.04902082855],"iteration":801,"passed_time":0.3475297848,"remaining_time":0.08579912392},
{"learn":[0.04878208043],"iteration":802,"passed_time":0.3479891706,"remaining_time":0.08537218755},
{"learn":[0.04872803283],"iteration":803,"passed_time":0.3483978696,"remaining_time":0.08493281399},
{"learn":[0.04854591983],"iteration":804,"passed_time":0.3487723009,"remaining_time":0.08448521576},
{"learn":[0.048492357],"iteration":805,"passed_time":0.3491463599,"remaining_time":0.08403770945},
{"learn":[0.04833978932],"iteration":806,"passed_time":0.3495120307,"remaining_time":0.08358837909},
{"learn":[0.04829839572],"iteration":807,"passed_time":0.3498698628,"remaining_time":0.08313739314},
{"learn":[0.04824400362],"iteration":808,"passed_time":0.3503191066,"remaining_time":0.08270821923},
{"learn":[0.04820308129],"iteration":809,"passed_time":0.3507634698,"remaining_time":0.08227785095},
{"learn":[0.04802329544],"iteration":810,"passed_time":0.3511616109,"remaining_time":0.08183667629},
{"learn":[0.04797072091],"iteration":811,"passed_time":0.3515448464,"remaining_time":0.08139215656},
{"learn":[0.04779375433],"iteration":812,"passed_time":0.3519106878,"remaining_time":0.08094378673},
{"learn":[0.04764425439],"iteration":813,"passed_time":0.3522740132,"remaining_time":0.08049504478},
{"learn":[0.04759253772],"iteration":814,"passed_time":0.3526663866,"remaining_time":0.08005310616},
{"learn":[0.04741841134],"iteration":815,"passed_time":0.3530860491,"remaining_time":0.07961744246},
{"learn":[0.04736716066],"iteration":816,"passed_time":0.3536387683,"remaining_time":0.0792116213},
{"learn":[0.04729610904],"iteration":817,"passed_time":0.3541003609,"remaining_time":0.07878516588},
{"learn":[0.04724541918],"iteration":818,"passed_time":0.3544884388,"remaining_time":0.0783423778},
{"learn":[0.04717511307],"iteration":819,"passed_time":0.3548628222,"remaining_time":0.07789671708},
{"learn":[0.0469510735],"iteration":820,"passed_time":0.3552273261,"remaining_time":0.07744907598},
{"learn":[0.04690073022],"iteration":821,"passed_time":0.3556261526,"remaining_time":0.07700906953},
{"learn":[0.04673152657],"iteration":822,"passed_time":0.35598773,"remaining_time":0.07656115213},
{"learn":[0.04658600603],"iteration":823,"passed_time":0.3563833544,"remaining_time":0.07612071647},
{"learn":[0.04655170254],"iteration":824,"passed_time":0.3567752659,"remaining_time":0.07567960185},
{"learn":[0.04649784531],"iteration":825,"passed_time":0.3571670933,"remaining_time":0.07523858866},
{"learn":[0.04642931178],"iteration":826,"passed_time":0.3575626764,"remaining_time":0.07479848007},
{"learn":[0.04637643822],"iteration":827,"passed_time":0.3579727789,"remaining_time":0.07436149513},
{"learn":[0.04630861583],"iteration":828,"passed_time":0.3583471056,"remaining_time":0.07391719549},
{"learn":[0.04627387749],"iteration":829,"passed_time":0.3588688957,"remaining_time":0.07350326779},
{"learn":[0.04620678756],"iteration":830,"passed_time":0.3593055009,"remaining_time":0.0730717565},
{"learn":[0.04613313315],"iteration":831,"passed_time":0.3596966792,"remaining_time":0.07263106023},
{"learn":[0.04610096348],"iteration":832,"passed_time":0.3600761185,"remaining_time":0.07218812939},
{"learn":[0.0458853101],"iteration":833,"passed_time":0.3605853668,"remaining_time":0.07177118811},
{"learn":[0.04583409001],"iteration":834,"passed_time":0.3610466939,"remaining_time":0.07134455628},
{"learn":[0.04578839524],"iteration":835,"passed_time":0.3614801114,"remaining_time":0.07091236635},
{"learn":[0.04571666871],"iteration":836,"passed_time":0.3618437671,"remaining_time":0.07046658787},
{"learn":[0.04568556619],"iteration":837,"passed_time":0.3622333001,"remaining_time":0.0700260079},
{"learn":[0.04563644067],"iteration":838,"passed_time":0.3626027749,"remaining_time":0.06958170054},
{"learn":[0.04556569565],"iteration":839,"passed_time":0.3629882673,"remaining_time":0.06914062235},
{"learn":[0.04553553949],"iteration":840,"passed_time":0.3633778466,"remaining_time":0.068700449},
{"learn":[0.04545911445],"iteration":841,"passed_time":0.3637576601,"remaining_time":0.0682585633},
{"learn":[0.04541121382],"iteration":842,"passed_time":0.3641839872,"remaining_time":0.06782548753},
{"learn":[0.04533574952],"iteration":843,"passed_time":0.3646355663,"remaining_time":0.06739709519},
{"learn":[0.0452941418],"iteration":844,"passed_time":0.3650660029,"remaining_time":0.06696476976},
{"learn":[0.04526516363],"iteration":845,"passed_time":0.365454976,"remaining_time":0.06652490106},
{"learn":[0.04519060209],"iteration":846,"passed_time":0.3658381096,"remaining_time":0.06608409771},
{"learn":[0.04497180888],"iteration":847,"passed_time":0.3662127153,"remaining_time":0.0656419018},
{"learn":[0.04492203118],"iteration":848,"passed_time":0.366640012,"remaining_time":0.06520923653},
{"learn":[0.04487286855],"iteration":849,"passed_time":0.3670650263,"remaining_time":0.06477618111},
{"learn":[0.04471489793],"iteration":850,"passed_time":0.36744266,"remaining_time":0.06433484882},
{"learn":[0.04466620021],"iteration":851,"passed_time":0.3678425638,"remaining_time":0.06389753456},
{"learn":[0.04451098829],"iteration":852,"passed_time":0.3682264012,"remaining_time":0.06345753925},
{"learn":[0.04445026825],"iteration":853,"passed_time":0.3686298585,"remaining_time":0.06302102968},
{"learn":[0.04440196729],"iteration":854,"passed_time":0.3690395366,"remaining_time":0.0625856524},
{"learn":[0.04434189096],"iteration":855,"passed_time":0.3694046698,"remaining_time":0.06214284165},
{"learn":[0.04428251555],"iteration":856,"passed_time":0.3698334572,"remaining_time":0.06171083358},
{"learn":[0.04423468493],"iteration":857,"passed_time":0.3702921418,"remaining_time":0.06128378105},
{"learn":[0.04407214701],"iteration":858,"passed_time":0.3708420248,"remaining_time":0.06087162456},
{"learn":[0.04402475523],"iteration":859,"passed_time":0.3713208862,"remaining_time":0.06044758612},
{"learn":[0.04386785045],"iteration":860,"passed_time":0.3717083034,"remaining_time":0.06000865757},
{"learn":[0.04382122943],"iteration":861,"passed_time":0.3720714995,"remaining_time":0.05956597092},
{"learn":[0.04378092772],"iteration":862,"passed_time":0.3724438587,"remaining_time":0.05912492311},
{"learn":[0.04375224668],"iteration":863,"passed_time":0.3728074766,"remaining_time":0.05868265836},
{"learn":[0.04368266589],"iteration":864,"passed_time":0.3731819666,"remaining_time":0.05824227225},
{"learn":[0.04363422893],"iteration":865,"passed_time":0.3735536891,"remaining_time":0.05780161009},
{"learn":[0.04342834616],"iteration":866,"passed_time":0.3739497372,"remaining_time":0.05736483858},
{"learn":[0.04338120875],"iteration":867,"passed_time":0.3744066345,"remaining_time":0.05693741446},
{"learn":[0.04323318389],"iteration":868,"passed_time":0.374782257,"remaining_time":0.0564976705},
{"learn":[0.04318649461],"iteration":869,"passed_time":0.3751644969,"remaining_time":0.05605906276},
{"learn":[0.04307777906],"iteration":870,"passed_time":0.3756177631,"remaining_time":0.05563110384},
{"learn":[0.04303154973],"iteration":871,"passed_time":0.376111914,"remaining_time":0.0552090883},
{"learn":[0.04288135649],"iteration":872,"passed_time":0.3765237194,"remaining_time":0.05477492825},
{"learn":[0.04283408607],"iteration":873,"passed_time":0.3769098065,"remaining_time":0.05433711169},
{"learn":[0.04272691861],"iteration":874,"passed_time":0.3772932754,"remaining_time":0.05389903934},
{"learn":[0.04257682219],"iteration":875,"passed_time":0.3776857568,"remaining_time":0.05346236741},
{"learn":[0.04253125382],"iteration":876,"passed_time":0.3781280672,"remaining_time":0.0530327848},
{"learn":[0.04249189604],"iteration":877,"passed_time":0.3785070974,"remaining_time":0.05259438028},
{"learn":[0.04246361763],"iteration":878,"passed_time":0.3788850715,"remaining_time":0.05215596547},
{"learn":[0.04240119862],"iteration":879,"passed_time":0.3792612288,"remaining_time":0.0517174403},
{"learn":[0.04235747546],"iteration":880,"passed_time":0.3796384408,"remaining_time":0.05127919915},
{"learn":[0.04233004229],"iteration":881,"passed_time":0.380020154,"remaining_time":0.05084169861},
{"learn":[0.04226839688],"iteration":882,"passed_time":0.3804053497,"remaining_time":0.05040478586},
{"learn":[0.04221539852],"iteration":883,"passed_time":0.3808156725,"remaining_time":0.04997128734},
{"learn":[0.04214342198],"iteration":884,"passed_time":0.3812134227,"remaining_time":0.04953620747},
{"learn":[0.04208309615],"iteration":885,"passed_time":0.3817184935,"remaining_time":0.04911502061},
{"learn":[0.04194119456],"iteration":886,"passed_time":0.3822120267,"remaining_time":0.04869217476},
{"learn":[0.04179963449],"iteration":887,"passed_time":0.3825986891,"remaining_time":0.04825569052},
{"learn":[0.0416575089],"iteration":888,"passed_time":0.3829601237,"remaining_time":0.04781616843},
{"learn":[0.04163048955],"iteration":889,"passed_time":0.3833260141,"remaining_time":0.04737737253},
{"learn":[0.04160394137],"iteration":890,"passed_time":0.383707772,"remaining_time":0.04694068143},
{"learn":[0.04155313966],"iteration":891,"passed_time":0.3840873428,"remaining_time":0.04650384869},
{"learn":[0.04149547127],"iteration":892,"passed_time":0.3844724309,"remaining_time":0.04606780527},
{"learn":[0.04142466863],"iteration":893,"passed_time":0.3848531061,"remaining_time":0.04563135262},
{"learn":[0.04136769077],"iteration":894,"passed_time":0.3852371072,"remaining_time":0.04519541481},
{"learn":[0.04131137483],"iteration":895,"passed_time":0.385629841,"remaining_time":0.04476060654},
{"learn":[0.04127361034],"iteration":896,"passed_time":0.3860011556,"remaining_time":0.04432343258},
{"learn":[0.04124802112],"iteration":897,"passed_time":0.3863779319,"remaining_time":0.04388702567},
{"learn":[0.04119954236],"iteration":898,"passed_time":0.3867795489,"remaining_time":0.0434535422},
{"learn":[0.04106438812],"iteration":899,"passed_time":0.3872634722,"remaining_time":0.04302927469},
{"learn":[0.04103913464],"iteration":900,"passed_time":0.3879063528,"remaining_time":0.04262234066},
{"learn":[0.04098462314],"iteration":901,"passed_time":0.3883190885,"remaining_time":0.0421898788},
{"learn":[0.04095978005],"iteration":902,"passed_time":0.3886823244,"remaining_time":0.04175214338},
{"learn":[0.04091987726],"iteration":903,"passed_time":0.3891193534,"remaining_time":0.04132240921},
{"learn":[0.04086614447],"iteration":904,"passed_time":0.3894939873,"remaining_time":0.04088610916},
{"learn":[0.04084883346],"iteration":905,"passed_time":0.3898477511,"remaining_time":0.04044777991},
{"learn":[0.0408096311],"iteration":906,"passed_time":0.3902229877,"remaining_time":0.04001183887},
{"learn":[0.04079252848],"iteration":907,"passed_time":0.3905903475,"remaining_time":0.03957523345},
{"learn":[0.04076877644],"iteration":908,"passed_time":0.391068985,"remaining_time":0.03914992039},
{"learn":[0.04075190738],"iteration":909,"passed_time":0.3914429564,"remaining_time":0.03871413854},
{"learn":[0.04071373643],"iteration":910,"passed_time":0.3918368829,"remaining_time":0.03828044191},
{"learn":[0.04069707054],"iteration":911,"passed_time":0.3922546316,"remaining_time":0.03784913111},
{"learn":[0.04067382918],"iteration":912,"passed_time":0.3926914725,"remaining_time":0.03741966934},
{"learn":[0.04062755962],"iteration":913,"passed_time":0.3931766244,"remaining_time":0.03699473709},
{"learn":[0.04061117176],"iteration":914,"passed_time":0.3936128033,"remaining_time":0.0365651238},
{"learn":[0.04058943205],"iteration":915,"passed_time":0.3940653324,"remaining_time":0.03613699555},
{"learn":[0.04053170957],"iteration":916,"passed_time":0.39448723,"remaining_time":0.03570604153},
{"learn":[0.04047279984],"iteration":917,"passed_time":0.3948709235,"remaining_time":0.03527169469},
{"learn":[0.04045668785],"iteration":918,"passed_time":0.395223192,"remaining_time":0.03483468831},
{"learn":[0.04044078481],"iteration":919,"passed_time":0.3955812144,"remaining_time":0.03439836647},
{"learn":[0.04037429376],"iteration":920,"passed_time":0.3959480775,"remaining_time":0.03396297299},
{"learn":[0.04025503059],"iteration":921,"passed_time":0.3963556807,"remaining_time":0.03353117472},
{"learn":[0.04023925086],"iteration":922,"passed_time":0.3967311689,"remaining_time":0.03309674973},
{"learn":[0.04012143376],"iteration":923,"passed_time":0.3970960371,"remaining_time":0.03266157881},
{"learn":[0.04010581185],"iteration":924,"passed_time":0.3974758861,"remaining_time":0.03222777455},
{"learn":[0.04004943558],"iteration":925,"passed_time":0.3978752793,"remaining_time":0.03179564867},
{"learn":[0.0400339943],"iteration":926,"passed_time":0.3983056963,"remaining_time":0.03136603649},
{"learn":[0.0399175774],"iteration":927,"passed_time":0.3987907791,"remaining_time":0.03094066389},
{"learn":[0.03986684704],"iteration":928,"passed_time":0.3992021422,"remaining_time":0.03050952863},
{"learn":[0.03981679854],"iteration":929,"passed_time":0.3995993962,"remaining_time":0.03007737391},
{"learn":[0.0397610492],"iteration":930,"passed_time":0.3999788061,"remaining_time":0.02964397167},
{"learn":[0.03970990277],"iteration":931,"passed_time":0.4003721098,"remaining_time":0.029211699},
{"learn":[0.03969455837],"iteration":932,"passed_time":0.4007413361,"remaining_time":0.02877778083},
{"learn":[0.03964502764],"iteration":933,"passed_time":0.4011815442,"remaining_time":0.02834901704},
{"learn":[0.03962986298],"iteration":934,"passed_time":0.401553947,"remaining_time":0.02791551503},
{"learn":[0.03960837747],"iteration":935,"passed_time":0.4019483683,"remaining_time":0.02748364911},
{"learn":[0.03959342451],"iteration":936,"passed_time":0.4023269952,"remaining_time":0.02705080117},
{"learn":[0.03954449],"iteration":937,"passed_time":0.4026948547,"remaining_time":0.02661735713},
{"learn":[0.03942856372],"iteration":938,"passed_time":0.4030938864,"remaining_time":0.02618607782},
{"learn":[0.03938013222],"iteration":939,"passed_time":0.4034728448,"remaining_time":0.02575358584},
{"learn":[0.03935889342],"iteration":940,"passed_time":0.4039270664,"remaining_time":0.02532592659},
{"learn":[0.03924419288],"iteration":941,"passed_time":0.4043893691,"remaining_time":0.0248987085},
{"learn":[0.03919623009],"iteration":942,"passed_time":0.4048243459,"remaining_time":0.02446976428},
{"learn":[0.03908281311],"iteration":943,"passed_time":0.4052726972,"remaining_time":0.02404160068},
{"learn":[0.0390391462],"iteration":944,"passed_time":0.4056727746,"remaining_time":0.02361058476},
{"learn":[0.03902421303],"iteration":945,"passed_time":0.4060337041,"remaining_time":0.0231773996},
{"learn":[0.03885378501],"iteration":946,"passed_time":0.4064067011,"remaining_time":0.02274504241},
{"learn":[0.0388104579],"iteration":947,"passed_time":0.4067855623,"remaining_time":0.02231313211},
{"learn":[0.03876766462],"iteration":948,"passed_time":0.4071916046,"remaining_time":0.02188279435},
{"learn":[0.03875286237],"iteration":949,"passed_time":0.4075486866,"remaining_time":0.02144993087},
{"learn":[0.03873825234],"iteration":950,"passed_time":0.407948806,"remaining_time":0.02101944426},
{"learn":[0.03869198904],"iteration":951,"passed_time":0.4083477663,"remaining_time":0.02058896301},
{"learn":[0.0386775511],"iteration":952,"passed_time":0.4087350211,"remaining_time":0.02015797061},
{"learn":[0.03863189412],"iteration":953,"passed_time":0.4091351309,"remaining_time":0.01972768975},
{"learn":[0.03861762644],"iteration":954,"passed_time":0.40957527,"remaining_time":0.01929935827},
{"learn":[0.03844945718],"iteration":955,"passed_time":0.4100078594,"remaining_time":0.01887065462},
{"learn":[0.0384079699],"iteration":956,"passed_time":0.4104083374,"remaining_time":0.01844050001},
{"learn":[0.03836699468],"iteration":957,"passed_time":0.4108153231,"remaining_time":0.01801069266},
{"learn":[0.03835285301],"iteration":958,"passed_time":0.411216197,"remaining_time":0.01758067161},
{"learn":[0.03833889511],"iteration":959,"passed_time":0.4116066055,"remaining_time":0.01715027523},
{"learn":[0.03829453317],"iteration":960,"passed_time":0.4120165459,"remaining_time":0.01672075473},
{"learn":[0.03827314971],"iteration":961,"passed_time":0.4123958617,"remaining_time":0.01629006522},
{"learn":[0.03825936963],"iteration":962,"passed_time":0.4127741251,"remaining_time":0.01585944198},
{"learn":[0.03823835998],"iteration":963,"passed_time":0.4131388386,"remaining_time":0.01542842136},
{"learn":[0.03818401657],"iteration":964,"passed_time":0.4135544193,"remaining_time":0.01499938308},
{"learn":[0.0381338564],"iteration":965,"passed_time":0.4139181021,"remaining_time":0.01456854604},
{"learn":[0.03812025111],"iteration":966,"passed_time":0.4142828572,"remaining_time":0.01413788447},
{"learn":[0.03800857141],"iteration":967,"passed_time":0.4147492323,"remaining_time":0.01371071842},
{"learn":[0.03796446026],"iteration":968,"passed_time":0.4151733784,"remaining_time":0.01328212046},
{"learn":[0.037854028],"iteration":969,"passed_time":0.4156796118,"remaining_time":0.01285607047},
{"learn":[0.03781412535],"iteration":970,"passed_time":0.4160739216,"remaining_time":0.01242651259},
{"learn":[0.03780060141],"iteration":971,"passed_time":0.4164929339,"remaining_time":0.01199773884},
{"learn":[0.0377573903],"iteration":972,"passed_time":0.4168620267,"remaining_time":0.01156759992},
{"learn":[0.03774402649],"iteration":973,"passed_time":0.4172388963,"remaining_time":0.01113779395},
{"learn":[0.03763464224],"iteration":974,"passed_time":0.4175979941,"remaining_time":0.01070764087},
{"learn":[0.03759122928],"iteration":975,"passed_time":0.4179658528,"remaining_time":0.01027784884},
{"learn":[0.03757025717],"iteration":976,"passed_time":0.4183723894,"remaining_time":0.009849094121},
{"learn":[0.03755702534],"iteration":977,"passed_time":0.4187431291,"remaining_time":0.009419579591},
{"learn":[0.03739383993],"iteration":978,"passed_time":0.419106003,"remaining_time":0.008990016408},
{"learn":[0.03735503599],"iteration":979,"passed_time":0.4194748249,"remaining_time":0.008560710712},
{"learn":[0.03731246336],"iteration":980,"passed_time":0.419847639,"remaining_time":0.008131605648},
{"learn":[0.03729967476],"iteration":981,"passed_time":0.4202114911,"remaining_time":0.007702450958},
{"learn":[0.03727893652],"iteration":982,"passed_time":0.4205824677,"remaining_time":0.007273552341},
{"learn":[0.03722600173],"iteration":983,"passed_time":0.42109669,"remaining_time":0.00684710065},
{"learn":[0.03721336444],"iteration":984,"passed_time":0.4215529139,"remaining_time":0.006419587521},
{"learn":[0.03717127217],"iteration":985,"passed_time":0.4219647648,"remaining_time":0.005991386113},
{"learn":[0.03715877621],"iteration":986,"passed_time":0.4223569896,"remaining_time":0.005562959336},
{"learn":[0.03699846382],"iteration":987,"passed_time":0.4227242942,"remaining_time":0.005134303168},
{"learn":[0.03695597641],"iteration":988,"passed_time":0.4230909108,"remaining_time":0.004705763416},
{"learn":[0.03692319379],"iteration":989,"passed_time":0.4234684901,"remaining_time":0.004277459496},
{"learn":[0.03689792613],"iteration":990,"passed_time":0.4238322477,"remaining_time":0.003849132421},
{"learn":[0.03688518236],"iteration":991,"passed_time":0.4242691967,"remaining_time":0.00342152578},
{"learn":[0.0368545182],"iteration":992,"passed_time":0.4246509724,"remaining_time":0.002993511387},
{"learn":[0.03682960395],"iteration":993,"passed_time":0.4250299208,"remaining_time":0.002565572963},
{"learn":[0.0367221712],"iteration":994,"passed_time":0.4254084675,"remaining_time":0.002137730993},
{"learn":[0.03670958355],"iteration":995,"passed_time":0.4257898504,"remaining_time":0.001709999399},
{"learn":[0.03665814745],"iteration":996,"passed_time":0.4261691148,"remaining_time":0.001282354408},
{"learn":[0.03664570543],"iteration":997,"passed_time":0.4266630149,"remaining_time":0.000855036102},
{"learn":[0.03657095099],"iteration":998,"passed_time":0.427117169,"remaining_time":0.0004275447137},
{"learn":[0.03646488892],"iteration":999,"passed_time":0.4275659598,"remaining_time":0}
]}